preditor,dif. extras,lag (trimestres),r,n,limiar 95%
Desocupacao SP,0,0,-0.11859923977503527,57,0.2596083419847486
Desocupacao SP,0,1,0.1430637883091327,56,0.2619160170741759
Desocupacao SP,0,2,-0.05753315253725956,55,0.2642863460855909
Desocupacao SP,0,3,0.02803350750145143,54,0.2667222164363905
Desocupacao SP,0,4,-0.12531821368996987,53,0.2692267053394305
Renda SP,0,0,-0.0820283475750359,48,0.2829016319029166
Renda SP,0,1,0.006796492827297382,47,0.28589538333587333
Renda SP,0,2,0.15508072651166935,46,0.28898623406359836
Renda SP,0,3,-0.21393488647672845,45,0.2921795490599725
Renda SP,0,4,-0.007008669046001292,44,0.2954811176862083
Selic meta,0,0,0.04745493688565925,72,0.23098821518760554
Selic meta,0,1,-0.0791677940137968,72,0.23098821518760554
Selic meta,0,2,-0.2260254111674944,71,0.23260920500599525
Selic meta,0,3,-0.1196996921810524,70,0.23426480742954114
Selic meta,0,4,-0.14410462279038888,69,0.23595627204810762
IPCA (composto no trimestre),0,0,-0.192926251266203,72,0.23098821518760554
IPCA (composto no trimestre),0,1,-0.05033816492554824,72,0.23098821518760554
IPCA (composto no trimestre),0,2,0.0709985859664164,72,0.23098821518760554
IPCA (composto no trimestre),0,3,-0.14049273970166612,71,0.23260920500599525
IPCA (composto no trimestre),0,4,-0.20088624173985847,70,0.23426480742954114
IBC-Br,0,0,0.16955381255238358,72,0.23098821518760554
IBC-Br,0,1,0.11804299065322536,72,0.23098821518760554
IBC-Br,0,2,-0.1792350752921419,71,0.23260920500599525
IBC-Br,0,3,-0.027060234948836834,70,0.23426480742954114
IBC-Br,0,4,0.1529762410165045,69,0.23595627204810762
