serie,coluna,n,inicio,fim,media,desvio,min,max,defasagem L
nacional (nominal),fipezap_nacional_res_venda_preco_m2,224,2008-01,2026-08,6457.539074597419,1968.736465422772,2228.662068797014,9953.5951734433,1
nacional (real),fipezap_nacional_res_venda_preco_m2_real,224,2008-01,2026-08,3630.986215113996,577.5372705272657,2228.662068797014,4626.753695037724,1
SJC (nominal),fipezap_sjc_res_venda_preco_m2,104,2018-01,2026-08,6439.575031037049,1666.8495639360015,4586.122040883142,9615.214486665154,1
SJC (real),fipezap_sjc_res_venda_preco_m2_real,104,2018-01,2026-08,2805.711402529855,339.76796393279807,2430.9162351438695,3459.4624586423847,1
Meta Selic (% a.a.),bcb_selic_meta,224,2008-01,2026-08,10.235491071428571,3.485485822229131,2.0,15.0,0
Selic real no mes (%),selic_real_mes,224,2008-01,2026-08,0.3403458117467366,0.45247881987169847,-1.1741489886531786,1.7217076117599595,1
IPCA variacao mensal (% a.m.),bcb_ipca,224,2008-01,2026-08,0.46040178571428575,0.34499277849909826,-0.68,1.62,1
IGP-M variacao mensal (% a.m.),bcb_igpm,224,2008-01,2026-08,0.5277232142857143,0.9015321757171505,-1.93,4.34,0
INCC-M variacao mensal (% a.m.),bcb_incc,224,2008-01,2026-08,0.5692410714285715,0.508785465735941,-0.25,2.94,0
Dolar (venda) media mensal (R$/US$),bcb_ptax,224,2008-01,2026-08,3.5606816964285715,1.4536761868485575,1.5639,6.097,0
IBC-Br dessazonalizado (indice),bcb_ibcbr,223,2008-01,2026-07,98.45803219730941,6.478475895854214,80.53249,118.01719,2
Saldo credito imobiliario PF (direcionado) (R$ milhoes),bcb_credimob_saldo,224,2008-01,2026-08,569799.2946428572,376125.35481215233,43972.0,1430825.0,1
Juros financ. imobiliario - taxas de mercado (% a.m.),bcb_credimob_juros_mercado,186,2011-03,2026-08,0.9783333333333333,0.21827806879142786,0.6,1.5,1
Juros financ. imobiliario - taxas reguladas (% a.m.),bcb_credimob_juros_regulada,186,2011-03,2026-08,0.6981182795698926,0.09865696501074939,0.53,0.89,1
Confianca do consumidor (Fecomercio-SP) (indice),ipea_icc,224,2008-01,2026-08,125.23446428571428,21.37405083364119,84.55,170.18,1
Desocupacao Brasil - mensalizada (%),ipea_desocupacao_br_mensal,175,2012-01,2026-07,9.539428571428571,2.8736995488185837,5.1,15.2,2
