preditor,maior |r| bruta,lag (bruta),maior |r| estacionaria,lag (estacionaria)
INCC mensal,0.5446757169178833,10,0.18475315737830808,7
Saldo cred. imob.,0.534549503741469,9,0.14758683920605334,9
IPCA mensal,0.449219298093958,12,0.18428108420914494,12
Selic meta,0.4263694846847818,4,0.1601051545752619,2
Selic real no mes,0.4057762209682486,12,0.16967246498954186,12
IGP-M mensal,0.3443948692864342,11,0.15115150719511664,11
Juros financ. imob. (mercado),0.29351421949961315,11,0.21972839581722117,9
Dolar PTAX,0.2274968688234832,8,0.15396981951001476,8
Desocupacao Brasil,0.21208225500576505,4,0.16462179355025938,5
Juros financ. imob. (regulada),0.15978071119026335,11,0.18603297506169597,7
Confianca do consumidor,0.12425833496175089,10,0.18348965301057021,11
IBC-Br,0.09777624545625986,12,0.10585689006128741,10
