preditor,coluna,n,menor p,no lag,p lag 1,p lag 2,p lag 3,p lag 4,p lag 5,p lag 6,"p < 0,05",passa Bonferroni
Selic meta,bcb_selic_meta,222,0.14087092045217403,6,0.6285136105310577,0.9047000090867916,0.8530540783466877,0.39897600773559955,0.19126304840639882,0.14087092045217403,False,False
Selic real no mes,selic_real_mes,222,0.30801026320315167,6,0.7601992328735961,0.5641477089587339,0.8342546265576409,0.5396326358919148,0.3248835591855899,0.30801026320315167,False,False
IPCA mensal,bcb_ipca,222,0.6268263855709646,5,0.8671087847868532,0.9247263087747615,0.9784730507133124,0.8140132480977814,0.6268263855709646,0.6618482642657189,False,False
IGP-M mensal,bcb_igpm,222,0.644765120997468,5,0.7693635032562648,0.9120832150460486,0.9011352921259356,0.9552439666876991,0.644765120997468,0.7805545189307578,False,False
INCC mensal,bcb_incc,222,0.371681228258268,3,0.46860576561536765,0.6585774731644795,0.371681228258268,0.6712746416555146,0.675517698551455,0.5459290860034169,False,False
Dolar PTAX,bcb_ptax,222,0.7815408908839552,1,0.7815408908839552,0.9612414568529353,0.8429758547808274,0.9049008126520309,0.9124966321626232,0.8947933813149676,False,False
IBC-Br,bcb_ibcbr,221,0.002311178906642377,1,0.002311178906642377,0.00395088229039245,0.009158422237113658,0.007828871851683235,0.005669791477189895,0.023326160510069496,True,False
Saldo cred. imob.,bcb_credimob_saldo,222,0.08981624435067274,3,0.4661974627996057,0.1847087914270651,0.08981624435067274,0.19811563886124015,0.3092902233514764,0.15116705697982427,False,False
Juros financ. imob. (mercado),bcb_credimob_juros_mercado,185,0.5477392056099473,3,0.6927212440276431,0.8578856069963415,0.5477392056099473,0.5974720772227196,0.8330830217816272,0.7600910571045599,False,False
Juros financ. imob. (regulada),bcb_credimob_juros_regulada,185,0.08952363442543379,5,0.6279757550273662,0.8752891810649559,0.5682691852768699,0.8144856040099065,0.08952363442543379,0.1728056320816066,False,False
Confianca do consumidor,ipea_icc,222,0.04699419186473029,2,0.7392405559771491,0.04699419186473029,0.12897601510941883,0.16444436394318687,0.27642831058338235,0.2873064820761917,True,False
Desocupacao Brasil,ipea_desocupacao_br_mensal,173,0.3099325828276035,3,0.530309556202804,0.8090198664596551,0.3099325828276035,0.4374143730134481,0.3346922007077337,0.38282337204004147,False,False
