variavel,coluna,aumento do MAE ao embaralhar (R$/m2),desvio
area (log),log_area,767.8764264863131,23.034692332342875
bairro,bairro,288.7515452557969,9.083291319114586
casa em condominio,em_condominio,145.37043967829928,6.843987264405968
setor IBGE,setor,85.47996637395745,4.933564267304784
suites,suites,81.04410829387533,1.0064350636600963
quartos,quartos,71.08342221556322,4.018846680648363
vagas,vagas,48.88097548511585,2.207087874533907
latitude real (vizinhos),lat,26.181204154004057,1.8587536188700038
banheiros,banheiros,25.043903963851857,1.6170380420210204
longitude real (vizinhos),lon,24.449145628278256,0.5116855297612113
latitude,lat_i,24.25986934239138,2.330493699490859
longitude,lon_i,23.614132302406528,1.9064487278630564
comodidades,comodidades,23.371138551460604,2.938721401658966
renda media do setor,renda_responsavel_media,16.40568854050523,1.4109289656543988
condominio informado,condominio_informado,10.172395238553644,1.141077337755512
renda mediana do setor,renda_responsavel_mediana,3.7200675777517063,0.8787855396148213
pessoas no setor,pessoas,3.686478430398961,0.7083900196710553
% domicilios vagos,pct_domicilios_vagos,2.5859556707251614,0.5028048671177254
moradores por domicilio,moradores_por_domicilio,2.2763204280130367,0.3054721212672005
densidade (dom/km2),densidade_domicilios_km2,1.808575384664573,0.6426254410870206
densidade (hab/km2),densidade_hab_km2,1.7913545497507812,0.6338687069863328
origem da coordenada,coord_origem,0.06445946660753635,0.6177372213552147
