variavel,coef,erro-padrao (HC3),p,variacao aprox. no R$/m2 (%)
const,10.18892895081418,0.11253842250564206,0.0,2660598.224700715
log_area,-0.4687275317396362,0.031085909583010645,2.24455435343342e-51,-37.42019299593934
quartos,0.01738513212675663,0.013005262295568518,0.18129552403397342,1.7537133111066083
banheiros,0.014820819153537904,0.009251259444196231,0.10914840236631705,1.493119209206939
suites,0.16570241097601546,0.012427138705932097,1.4697755053018829e-40,18.022182839632748
vagas,0.1208922271135019,0.01051699621726,1.3988024172808276e-30,12.850328375701547
comodidades,0.006474296491807452,0.0006158669695127988,7.566736201519893e-26,0.6495300052633324
condominio_informado,-0.03677404453276595,0.014443714959276684,0.010895770562847146,-3.610609215700522
missingindicator_suites,-0.23585301603210707,0.013800497633869039,1.7562493082780962e-65,-21.010323243823535
missingindicator_vagas,0.03727984967922904,0.021830245422196602,0.0876891344470622,3.798345953486937
bairro_Centro,0.15178960288418164,0.024366488377598024,4.681022574412305e-10,16.391532624111903
bairro_Cidade Jardim,0.02857536311908504,0.03718335132016724,0.4421908673853213,2.8987555624170103
bairro_Cidade Salvador,0.04771615620050729,0.03599142293012156,0.18491766574993074,4.887289699977315
bairro_Jardim Califórnia,0.22722453520014163,0.022680655551172896,1.2649772516495586e-23,25.51116530499751
bairro_Jardim Didinha,-0.013883501876924331,0.045832220743795685,0.7619507366119391,-1.378757053223656
bairro_Jardim Flórida,0.11533376277436957,0.03395537873765685,0.0006822184321775421,12.224793965690473
bairro_Jardim Jacinto,0.15601847557552195,0.03191035071951565,1.0120809939266051e-06,16.884779802614513
bairro_Jardim Novo Amanhecer,-0.2475732660345794,0.032968586032813184,5.941320214170955e-14,-21.93069795663021
bairro_Jardim Paraíba,0.31073353627785427,0.029659368221395522,1.1048497194182409e-25,36.442560281804305
bairro_Jardim Paraíso,0.03350777642375502,0.026177264204072095,0.20053333686242258,3.407548510417868
bairro_Jardim Pereira do Amparo,0.2691058425127797,0.02761171627724965,1.917396624235676e-22,30.879365972541017
bairro_Jardim Primavera,0.014315237992410301,0.030181397896564977,0.6352812438415062,1.4418191694102633
bairro_Jardim Santa Maria,0.11582039673549216,0.026039458822116064,8.672181815307477e-06,12.279419651993217
bairro_Jardim Yolanda,-0.02178860993348808,0.03387978866633952,0.5201492973510085,-2.1552952822193383
bairro_Jardim das Indústrias,0.13201081039697682,0.02909551164019334,5.701853200923617e-06,14.11206551678379
bairro_Loteamento Jardim Sol Nascente,-0.007498082770140524,0.027534883490090138,0.7853820302040336,-0.7470042274614341
bairro_Loteamento Villa Branca,0.43178909576204916,0.022589637009324974,1.9132861384974881e-81,54.001028621257994
bairro_Pagador de Andrade,0.29645317038729413,0.021723275701325404,2.1094368712797122e-42,34.507956896706716
bairro_Parque Santo Antônio,0.07602912483210689,0.02584671850942891,0.0032658594730941557,7.899399921872852
bairro_Parque dos Príncipes,0.2892038437663711,0.04046608439471589,8.881084946941572e-13,33.53639063948408
bairro_Residencial São Paulo,0.194941369448685,0.03002485316761118,8.433002730622061e-11,21.52397342253738
bairro_São João,0.15176500583053043,0.02759763120207193,3.8150940198439335e-08,16.388669770548425
bairro_Vila Aprazível,0.27161560940606244,0.0339704724641629,1.2890433072824715e-15,31.20825521730428
bairro_Vila Machado,0.01669104638817287,0.024269531170933712,0.49161862751591556,1.6831120143603995
bairro_Vila Nova Aliança,0.030182984466990304,0.02600137248163873,0.24571399298824104,3.064310837973938
bairro_infrequent_sklearn,0.02607386655199595,0.02514074172140405,0.2996817796759207,2.6416763540542343
tipo_PENTHOUSE,-0.029671188852737007,0.05010075536853438,0.5536963357192755,-2.9235320675780607
tipo_infrequent_sklearn,0.009255449441486374,0.13990229244721752,0.9472532093090575,0.9298413562119245
