segmento,variante,alvo,validacao,n treino,n teste,RMSE,MAE,MAPE (%),R2
apartamento,base,log,holdout aleatorio (20%),3193,799,1366.6160017489462,1036.1552615037124,17.237741291024093,0.42666701686529374
apartamento,base,log,5-fold,3193,3992,1348.1799713440535,1032.5963794012787,16.941712078033223,0.4490887575602327
apartamento,base,log,temporal (teste apos 2026-03-01),2994,998,1340.3809082987375,1029.9902735462933,16.706048214543294,0.46457874754367867
apartamento,base,nivel,holdout aleatorio (20%),3193,799,1350.8818763646777,1030.5083802009149,17.71318501680692,0.43979281570343953
apartamento,base,nivel,5-fold,3193,3992,1315.3796225908657,1016.1498778696457,17.274163103610498,0.47556929363054734
apartamento,base,nivel,temporal (teste apos 2026-03-01),2994,998,1310.97430245473,1011.74998505074,16.99088329607558,0.48781424393157735
apartamento,+ condominio informado,log,holdout aleatorio (20%),3193,799,1366.6624554109953,1035.0854830103317,17.22021600631746,0.4266280390262165
apartamento,+ condominio informado,log,5-fold,3193,3992,1348.035669873582,1033.1006072788248,16.944432054075236,0.4492066840234715
apartamento,+ condominio informado,log,temporal (teste apos 2026-03-01),2994,998,1340.5173950645049,1030.1587336742343,16.70691897179925,0.46446970147287103
apartamento,+ condominio informado,nivel,holdout aleatorio (20%),3193,799,1351.8060970508816,1031.2435536250293,17.719926761463512,0.4390260096765626
apartamento,+ condominio informado,nivel,5-fold,3193,3992,1314.850407024954,1016.396660993848,17.270936886519635,0.4759911962626028
apartamento,+ condominio informado,nivel,temporal (teste apos 2026-03-01),2994,998,1311.0653382531393,1012.3742162519146,16.995829292891727,0.4877431077421357
apartamento,+ valor do condominio,log,holdout aleatorio (20%),3193,799,1368.2209007199608,1033.604184797916,17.20892966403258,0.4253196276906731
apartamento,+ valor do condominio,log,5-fold,3193,3992,1348.1046467468714,1031.377116906105,16.92232824177829,0.4491503161192546
apartamento,+ valor do condominio,log,temporal (teste apos 2026-03-01),2994,998,1337.6773388845452,1027.9562745246647,16.698359030046436,0.4667364754683402
apartamento,+ valor do condominio,nivel,holdout aleatorio (20%),3193,799,1352.5475370918716,1030.143749195831,17.715569096550272,0.43841047370026953
apartamento,+ valor do condominio,nivel,5-fold,3193,3992,1314.6318516697063,1015.2057517888956,17.25533202030808,0.4761653840050788
apartamento,+ valor do condominio,nivel,temporal (teste apos 2026-03-01),2994,998,1309.5517204538842,1011.0226099840786,16.99162840684885,0.48892522056624665
apartamento,baseline: mediana do bairro,-,holdout aleatorio (20%),3193,799,1505.6644443605041,1124.8189004959313,19.953673347114144,0.3040623802768846
apartamento,baseline: mediana do bairro,-,5-fold,3193,3992,1443.6400799807598,1075.4234335780613,18.762317582966627,0.36831035888619246
apartamento,baseline: mediana do bairro,-,temporal (teste apos 2026-03-01),2994,998,1456.7565156125206,1084.9567901194991,19.064846284401234,0.3675691052483486
casa,base,log,holdout aleatorio (20%),8203,2051,1258.079841115052,927.1085091703942,21.68976450141307,0.5795638506883604
casa,base,log,5-fold,8203,10254,1280.1851038168927,950.105760441956,22.140627922426834,0.5679195119490459
casa,base,log,temporal (teste apos 2026-02-26),7690,2564,1364.503254822019,996.992084220066,22.06535895482934,0.5442627615023645
casa,base,nivel,holdout aleatorio (20%),8203,2051,1214.7429243510048,912.0691571324497,22.476158595538326,0.6080303880376106
casa,base,nivel,5-fold,8203,10254,1238.2236402320189,941.1604393017124,23.16933893922912,0.5957804645968183
casa,base,nivel,temporal (teste apos 2026-02-26),7690,2564,1306.3498216953058,975.4004593929112,22.541551369829556,0.5822808888751769
casa,+ condominio informado,log,holdout aleatorio (20%),8203,2051,1249.878625403022,921.8709948917498,21.601756412052517,0.5850274924753056
casa,+ condominio informado,log,5-fold,8203,10254,1274.6336823548934,946.8113783078811,22.085249749532,0.5716587526040147
casa,+ condominio informado,log,temporal (teste apos 2026-02-26),7690,2564,1364.6380655198784,997.298895418202,21.875568245279446,0.544172704860953
casa,+ condominio informado,nivel,holdout aleatorio (20%),8203,2051,1210.89172292322,910.3564252130102,22.45235257646264,0.6105118365256441
casa,+ condominio informado,nivel,5-fold,8203,10254,1236.3526868960485,940.4491980076644,23.16882720393771,0.5970010914658727
casa,+ condominio informado,nivel,temporal (teste apos 2026-02-26),7690,2564,1305.3616284602376,971.6856098566193,22.255253336602156,0.5829126202318238
casa,+ valor do condominio,log,holdout aleatorio (20%),8203,2051,1207.9728921306773,888.0984242608274,20.74483147274121,0.6123872806235691
casa,+ valor do condominio,log,5-fold,8203,10254,1232.1199747376966,912.3221896856853,21.246099707111888,0.5997557398624729
casa,+ valor do condominio,log,temporal (teste apos 2026-02-26),7690,2564,1302.0429628649986,959.4216230895146,21.431815961092962,0.5850306754762847
casa,+ valor do condominio,nivel,holdout aleatorio (20%),8203,2051,1173.5318987446194,876.9684307408102,21.561088593833848,0.6341749497715403
casa,+ valor do condominio,nivel,5-fold,8203,10254,1199.9347220113527,906.792226787776,22.268917050650437,0.6203928735499804
casa,+ valor do condominio,nivel,temporal (teste apos 2026-02-26),7690,2564,1258.8614944923063,942.0977745988323,21.982901492830052,0.6120986741710166
casa,baseline: mediana do bairro,-,holdout aleatorio (20%),8203,2051,1514.705788688987,1162.167161068056,30.510306082851134,0.39054700844885937
casa,baseline: mediana do bairro,-,5-fold,8203,10254,1524.7447740658768,1169.7310433615858,30.141314977286992,0.38706640895175237
casa,baseline: mediana do bairro,-,temporal (teste apos 2026-02-26),7690,2564,1598.833439427256,1208.0821774815447,29.906077659402108,0.3742918521156582
residencial,base,log,holdout aleatorio (20%),11396,2850,1305.077794348299,977.0712022654885,20.17317543129006,0.5915450082881619
residencial,base,log,5-fold,11396,14246,1322.2266147107953,993.3869238327605,21.01530830740364,0.5901082734401242
residencial,base,log,temporal (teste apos 2026-02-27),10684,3562,1387.6266601247685,1032.5585041141808,20.838285603675928,0.5656449068373097
residencial,base,nivel,holdout aleatorio (20%),11396,2850,1257.9550345348346,963.4033179208103,20.858528365678332,0.6205088585695209
residencial,base,nivel,5-fold,11396,14246,1283.4930483318112,986.3014526004062,21.943724032257613,0.613771422505464
residencial,base,nivel,temporal (teste apos 2026-02-27),10684,3562,1338.2518988687107,1013.6504542548167,21.271566090248893,0.5960055634700261
residencial,+ condominio informado,log,holdout aleatorio (20%),11396,2850,1302.2300117325442,975.237329379411,20.1261326296405,0.5933256254168828
residencial,+ condominio informado,log,5-fold,11396,14246,1318.8577448220049,991.1512146253807,20.977168879886317,0.5921943194091326
residencial,+ condominio informado,log,temporal (teste apos 2026-02-27),10684,3562,1388.0457281985252,1032.5363267936598,20.702079582631995,0.5653825137261896
residencial,+ condominio informado,nivel,holdout aleatorio (20%),11396,2850,1256.984994321549,962.8142136704635,20.841305390902104,0.6210939029054687
residencial,+ condominio informado,nivel,5-fold,11396,14246,1282.4457746657085,985.7766606713802,21.942649148659854,0.6144014562981
residencial,+ condominio informado,nivel,temporal (teste apos 2026-02-27),10684,3562,1337.5032443774512,1011.0383884554011,21.10021300353269,0.5964574479763773
residencial,+ valor do condominio,log,holdout aleatorio (20%),11396,2850,1279.632497732412,958.899871808809,19.727839053462137,0.6073171546036136
residencial,+ valor do condominio,log,5-fold,11396,14246,1293.220546600482,970.4998314164657,20.48708215678114,0.6078948422173719
residencial,+ valor do condominio,log,temporal (teste apos 2026-02-27),10684,3562,1344.0115190110528,1006.0242752995651,20.522447682844607,0.5925206265921996
residencial,+ valor do condominio,nivel,holdout aleatorio (20%),11396,2850,1236.1320243172675,944.4968540197945,20.350285324069787,0.6335614778980057
residencial,+ valor do condominio,nivel,5-fold,11396,14246,1260.7581521406785,964.184364092141,21.3815520111606,0.627333003643078
residencial,+ valor do condominio,nivel,temporal (teste apos 2026-02-27),10684,3562,1309.143384710651,992.9980871460047,21.053057253149458,0.6133891136726113
residencial,baseline: mediana do bairro,-,holdout aleatorio (20%),11396,2850,1672.1955686209421,1312.124994742908,30.022938387543014,0.32942780173451036
residencial,baseline: mediana do bairro,-,5-fold,11396,14246,1677.8525719647928,1311.7655372189945,31.418643279115493,0.3399680498116031
residencial,baseline: mediana do bairro,-,temporal (teste apos 2026-02-27),10684,3562,1719.1904344363809,1339.0541374653585,31.171136168309566,0.3332736490985623
