segmento,bairro,suites,area_m2,R$/m2
apartamento,Jardim Califórnia,0,40.0,5501.249474366652
apartamento,Jardim Califórnia,0,43.708333333333336,5367.31273377736
apartamento,Jardim Califórnia,0,47.416666666666664,5105.729908444004
apartamento,Jardim Califórnia,0,51.125,4740.828574927327
apartamento,Jardim Califórnia,0,54.833333333333336,4755.84331793254
apartamento,Jardim Califórnia,0,58.54166666666667,4760.3898674875
apartamento,Jardim Califórnia,0,62.25,4574.625188736793
apartamento,Jardim Califórnia,0,65.95833333333334,4589.366029380495
apartamento,Jardim Califórnia,0,69.66666666666667,4662.651502223296
apartamento,Jardim Califórnia,0,73.375,4507.566584835253
apartamento,Jardim Califórnia,0,77.08333333333334,4486.982929792482
apartamento,Jardim Califórnia,0,80.79166666666667,4413.260595521046
apartamento,Jardim Califórnia,0,84.5,4164.5686561064995
apartamento,Jardim Califórnia,0,88.20833333333334,4200.422625297061
apartamento,Jardim Califórnia,0,91.91666666666667,4166.566669713346
apartamento,Jardim Califórnia,0,95.625,4193.56445099238
apartamento,Jardim Califórnia,0,99.33333333333334,4180.932949187802
apartamento,Jardim Califórnia,0,103.04166666666667,4173.3258067546185
apartamento,Jardim Califórnia,0,106.75,3909.4450997084577
apartamento,Jardim Califórnia,0,110.45833333333334,3629.517152497271
apartamento,Jardim Califórnia,0,114.16666666666667,3549.6875915842475
apartamento,Jardim Califórnia,0,117.875,3479.997496320586
apartamento,Jardim Califórnia,0,121.58333333333334,3382.78970344538
apartamento,Jardim Califórnia,0,125.29166666666667,3208.178058423691
apartamento,Jardim Califórnia,0,129.0,3171.142112406291
apartamento,Jardim Califórnia,1,40.0,6390.559568008615
apartamento,Jardim Califórnia,1,43.708333333333336,6314.227399665163
apartamento,Jardim Califórnia,1,47.416666666666664,6096.984340703881
apartamento,Jardim Califórnia,1,51.125,5915.781153904496
apartamento,Jardim Califórnia,1,54.833333333333336,5945.48152015953
apartamento,Jardim Califórnia,1,58.54166666666667,6109.913045087726
apartamento,Jardim Califórnia,1,62.25,5844.220275260932
apartamento,Jardim Califórnia,1,65.95833333333334,5788.124245386021
apartamento,Jardim Califórnia,1,69.66666666666667,5859.5630303274065
apartamento,Jardim Califórnia,1,73.375,5562.874427474459
apartamento,Jardim Califórnia,1,77.08333333333334,5502.156198949209
apartamento,Jardim Califórnia,1,80.79166666666667,5394.906883752313
apartamento,Jardim Califórnia,1,84.5,4849.753209310971
apartamento,Jardim Califórnia,1,88.20833333333334,4808.6857747758495
apartamento,Jardim Califórnia,1,91.91666666666667,4887.862297951007
apartamento,Jardim Califórnia,1,95.625,4893.966648833273
apartamento,Jardim Califórnia,1,99.33333333333334,4908.49696446736
apartamento,Jardim Califórnia,1,103.04166666666667,4885.960297461493
apartamento,Jardim Califórnia,1,106.75,4585.649545184318
apartamento,Jardim Califórnia,1,110.45833333333334,4147.4934661316875
apartamento,Jardim Califórnia,1,114.16666666666667,4040.3845109999747
apartamento,Jardim Califórnia,1,117.875,3970.6944157363096
apartamento,Jardim Califórnia,1,121.58333333333334,3836.073480766536
apartamento,Jardim Califórnia,1,125.29166666666667,3600.3531677801384
apartamento,Jardim Califórnia,1,129.0,3563.317221762739
apartamento,Jardim Califórnia,2,40.0,6592.837433900868
apartamento,Jardim Califórnia,2,43.708333333333336,6517.883274349863
apartamento,Jardim Califórnia,2,47.416666666666664,6317.8240794058565
apartamento,Jardim Califórnia,2,51.125,6137.316694682522
apartamento,Jardim Califórnia,2,54.833333333333336,6180.426537104437
apartamento,Jardim Califórnia,2,58.54166666666667,6362.590104913995
apartamento,Jardim Califórnia,2,62.25,6129.146774712124
apartamento,Jardim Califórnia,2,65.95833333333334,6092.7340582585275
apartamento,Jardim Califórnia,2,69.66666666666667,6172.036208000098
apartamento,Jardim Califórnia,2,73.375,5976.033276945298
apartamento,Jardim Califórnia,2,77.08333333333334,5995.420079500234
apartamento,Jardim Califórnia,2,80.79166666666667,5965.028637670006
apartamento,Jardim Califórnia,2,84.5,5477.0587011059815
apartamento,Jardim Califórnia,2,88.20833333333334,5448.603917082524
apartamento,Jardim Califórnia,2,91.91666666666667,5515.521187388651
apartamento,Jardim Califórnia,2,95.625,5472.149142269458
apartamento,Jardim Califórnia,2,99.33333333333334,5418.814593240693
apartamento,Jardim Califórnia,2,103.04166666666667,5401.258859411493
apartamento,Jardim Califórnia,2,106.75,5145.8574771172425
apartamento,Jardim Califórnia,2,110.45833333333334,4717.954409091484
apartamento,Jardim Califórnia,2,114.16666666666667,4610.8454539597715
apartamento,Jardim Califórnia,2,117.875,4541.15535869611
apartamento,Jardim Califórnia,2,121.58333333333334,4372.73493153818
apartamento,Jardim Califórnia,2,125.29166666666667,4118.234513041781
apartamento,Jardim Califórnia,2,129.0,4072.404310241527
casa,Loteamento Villa Branca,0,58.0,8120.0959975544465
casa,Loteamento Villa Branca,0,80.58333333333333,7117.042168945785
casa,Loteamento Villa Branca,0,103.16666666666666,6216.782537202798
casa,Loteamento Villa Branca,0,125.75,5880.20661199047
casa,Loteamento Villa Branca,0,148.33333333333331,5160.214737579752
casa,Loteamento Villa Branca,0,170.91666666666666,4417.278557799493
casa,Loteamento Villa Branca,0,193.5,4150.366449113717
casa,Loteamento Villa Branca,0,216.08333333333331,3802.593234609765
casa,Loteamento Villa Branca,0,238.66666666666666,3333.0351844558472
casa,Loteamento Villa Branca,0,261.25,3197.2871719087225
casa,Loteamento Villa Branca,0,283.8333333333333,3072.336281389481
casa,Loteamento Villa Branca,0,306.41666666666663,2995.318372001455
casa,Loteamento Villa Branca,0,329.0,2825.6500233507795
casa,Loteamento Villa Branca,0,351.5833333333333,2791.7998437415563
casa,Loteamento Villa Branca,0,374.16666666666663,2812.963223194208
casa,Loteamento Villa Branca,0,396.75,2795.7880003130313
casa,Loteamento Villa Branca,0,419.3333333333333,2782.3797127553607
casa,Loteamento Villa Branca,0,441.91666666666663,2773.6738174296283
casa,Loteamento Villa Branca,0,464.5,2761.625265527461
casa,Loteamento Villa Branca,0,487.0833333333333,2763.2422760844615
casa,Loteamento Villa Branca,0,509.66666666666663,2736.794742751502
casa,Loteamento Villa Branca,0,532.25,2709.8507785962097
casa,Loteamento Villa Branca,0,554.8333333333333,2653.799515582241
casa,Loteamento Villa Branca,0,577.4166666666666,2654.2941743928363
casa,Loteamento Villa Branca,0,600.0,2624.2980380124795
casa,Loteamento Villa Branca,1,58.0,8201.032852998787
casa,Loteamento Villa Branca,1,80.58333333333333,7323.392230085464
casa,Loteamento Villa Branca,1,103.16666666666666,6477.278870832057
casa,Loteamento Villa Branca,1,125.75,6209.928600327194
casa,Loteamento Villa Branca,1,148.33333333333331,5551.794493624384
casa,Loteamento Villa Branca,1,170.91666666666666,4849.096541734348
casa,Loteamento Villa Branca,1,193.5,4552.720098604672
casa,Loteamento Villa Branca,1,216.08333333333331,4104.417373249883
casa,Loteamento Villa Branca,1,238.66666666666666,3595.495688061945
casa,Loteamento Villa Branca,1,261.25,3456.782496774139
casa,Loteamento Villa Branca,1,283.8333333333333,3242.6917111205084
casa,Loteamento Villa Branca,1,306.41666666666663,3140.9553017671133
casa,Loteamento Villa Branca,1,329.0,2949.1014567284756
casa,Loteamento Villa Branca,1,351.5833333333333,2901.932526507791
casa,Loteamento Villa Branca,1,374.16666666666663,2924.3580847927255
casa,Loteamento Villa Branca,1,396.75,2908.9788789736185
casa,Loteamento Villa Branca,1,419.3333333333333,2895.5705914159485
casa,Loteamento Villa Branca,1,441.91666666666663,2884.4724136235795
casa,Loteamento Villa Branca,1,464.5,2874.317953286611
casa,Loteamento Villa Branca,1,487.0833333333333,2878.04697410038
casa,Loteamento Villa Branca,1,509.66666666666663,2851.5994407674207
casa,Loteamento Villa Branca,1,532.25,2816.256222394695
casa,Loteamento Villa Branca,1,554.8333333333333,2751.7569276809663
casa,Loteamento Villa Branca,1,577.4166666666666,2752.2515864915613
casa,Loteamento Villa Branca,1,600.0,2711.847004181989
casa,Loteamento Villa Branca,2,58.0,8190.4161893812525
casa,Loteamento Villa Branca,2,80.58333333333333,7291.663647611713
casa,Loteamento Villa Branca,2,103.16666666666666,6412.0150162279515
casa,Loteamento Villa Branca,2,125.75,6107.016669275486
casa,Loteamento Villa Branca,2,148.33333333333331,5424.14726084034
casa,Loteamento Villa Branca,2,170.91666666666666,4764.26412832727
casa,Loteamento Villa Branca,2,193.5,4477.7660364234625
casa,Loteamento Villa Branca,2,216.08333333333331,4011.437181868895
casa,Loteamento Villa Branca,2,238.66666666666666,3530.7440769414443
casa,Loteamento Villa Branca,2,261.25,3392.7644981524345
casa,Loteamento Villa Branca,2,283.8333333333333,3198.175630820574
casa,Loteamento Villa Branca,2,306.41666666666663,3092.0897936199235
casa,Loteamento Villa Branca,2,329.0,2912.861611881957
casa,Loteamento Villa Branca,2,351.5833333333333,2865.692681661272
casa,Loteamento Villa Branca,2,374.16666666666663,2888.326231503668
casa,Loteamento Villa Branca,2,396.75,2872.9470256845616
casa,Loteamento Villa Branca,2,419.3333333333333,2860.791772602397
casa,Loteamento Villa Branca,2,441.91666666666663,2849.693594810029
casa,Loteamento Villa Branca,2,464.5,2841.8008333461466
casa,Loteamento Villa Branca,2,487.0833333333333,2845.529854159916
casa,Loteamento Villa Branca,2,509.66666666666663,2819.0823208269567
casa,Loteamento Villa Branca,2,532.25,2783.7391024542308
casa,Loteamento Villa Branca,2,554.8333333333333,2719.2398077405014
casa,Loteamento Villa Branca,2,577.4166666666666,2719.734466551097
casa,Loteamento Villa Branca,2,600.0,2679.3298842415243
