segmento,bairro,R$/m2 do imovel de referencia,anuncios,R$/m2 mediano dos anuncios,diferenca para a mediana dos bairros (%)
apartamento,Loteamento Villa Branca,8415.83650774149,402,8659.756097560974,60.722186039557194
apartamento,Jardim Pereira do Amparo,7183.797957633026,149,6625.0,37.193220276464075
apartamento,Jardim Paraíba,6504.799901880358,91,7870.37037037037,24.225994530480023
apartamento,Pagador de Andrade,6497.479328014073,316,7247.3014888337475,24.08618922012602
apartamento,Parque dos Príncipes,6288.906262089971,45,6808.510638297872,20.10294654740321
apartamento,Jardim Califórnia,5780.338363797455,685,7191.011235955056,10.390525888098834
apartamento,Centro,5627.045472090031,318,6111.111111111111,7.4630012579709915
apartamento,Vila Aprazível,5556.000107799055,140,7722.772277227723,6.106206096097466
apartamento,Jardim Flórida,5533.882282267044,95,4885.245901639344,5.683808956291281
apartamento,São João,5414.550755414302,53,5555.555555555556,3.404864511307326
apartamento,Jardim das Indústrias,5405.784712143093,141,5485.436893203883,3.237454220462199
apartamento,Residencial São Paulo,5390.4999045886525,52,6550.884388618303,2.9455512490720093
apartamento,Jardim Santa Maria,5259.117163858817,120,5614.035087719299,0.43645767548090575
apartamento,Vila Machado,5213.409019514735,150,5568.13524590164,-0.43645767548091685
apartamento,Jardim Jacinto,5098.854557095503,66,6022.198731501057,-2.6241717076711857
apartamento,Parque Santo Antônio,4966.806871262825,124,5547.008547008547,-5.145964129490488
apartamento,Cidade Salvador,4817.777275760123,33,5000.0,-7.992070081257974
apartamento,Jardim Didinha,4815.710645065113,54,4437.766410912191,-8.031537744719941
apartamento,Cidade Jardim,4748.600688906845,34,5107.638888888889,-9.3131760998441
apartamento,Jardim Primavera,4733.230351574377,91,5192.307692307692,-9.606712483775425
apartamento,Jardim Paraíso,4711.511118732034,146,5045.58988764045,-10.021497464247942
apartamento,Loteamento Jardim Sol Nascente,4552.0397563939305,92,4759.259259259259,-13.067015986632446
apartamento,Vila Nova Aliança,4480.214102083581,116,5601.966873706004,-14.43871280653406
apartamento,Bairro do Colonia,4461.302637945631,92,5205.479452054795,-14.799876174508707
apartamento,Jardim Yolanda,4258.373737440812,50,5115.079365079366,-18.675328896259735
apartamento,Jardim Novo Amanhecer,3885.159068529465,40,3697.826086956522,-25.802829221899827
casa,Condomínio Vem Viver Jacareí,6096.727777974301,221,7970.0,82.07222531774427
casa,Condomínio Residencial Mirante do Vale,5754.103422237574,398,6118.055555555556,71.8401170182047
casa,Jardim Pereira do Amparo,5448.831940138483,30,5833.333333333333,62.723512161312954
casa,Condomínio Sunset Garden,5076.666816791969,36,6956.268598783801,51.60920057302896
casa,Condomínio Residence Club,4937.154380375247,65,7342.342342342342,47.44281153895391
casa,Loteamento Villa Branca,4872.235028752302,1211,5748.0,45.50406484619902
casa,Jardim Residencial Golden Park,4705.938750806863,98,6158.192090395481,40.53780515899934
casa,Condomínio Residencial Fogaça,4658.348065664149,124,6813.725490196079,39.11656047432863
casa,Jardim Crystal Park,4571.096875012082,57,7555.555555555556,36.51089740027176
casa,Loteamento Residencial Parque Lago Dourado,4335.57347396516,41,5300.0,29.47724405298966
casa,Jardim Altos de Santana II,4284.961027187721,188,5215.384615384615,27.96575770340459
casa,Parque Brasil,4170.842863402089,60,3941.1290322580644,24.55774134015336
casa,Jardim Marcondes,4151.713596252315,64,5911.764705882353,23.9864663274753
casa,Jardim Altos de Santana I,3985.05456989468,145,4807.692307692308,19.00937354864938
casa,Condomínio Parque Vale dos Lagos,3836.1326135790014,68,5337.4700109051255,14.561979311526896
casa,Jardim das Indústrias,3828.1602939810373,115,3481.4814814814813,14.323894551470918
casa,Jardim Siesta,3813.7744994755926,108,3776.4187866927596,13.894278253358895
casa,Jardim Sant'Anna do Pedregulho,3753.847365780536,61,5400.0,12.10461878583413
casa,Residencial São Paulo,3739.6042015637195,66,4597.910794229812,11.679261988062928
casa,Jardim Terras de São João,3696.0844413948525,173,3342.2459893048126,10.379591104303575
casa,Parque Califórnia,3634.4104380536864,208,6162.790697674419,8.537763251476083
casa,Vila Pinheiro,3616.3976184360995,34,3626.851851851852,7.999829744936804
casa,Jardim Jacinto,3609.0924288187507,379,6408.695652173913,7.781668105047945
casa,Residencial Parque dos Sinos,3594.8129396625045,269,4500.0,7.355226501984902
casa,Residencial Santa Paula,3578.912972921664,285,4285.714285714285,6.880391076752113
casa,Jardim São Gabriel,3555.4438405010796,37,5731.225296442688,6.179510650119013
casa,Jardim Santa Maria,3551.6099321505117,542,4416.989942528735,6.065015096032744
casa,Jardim Califórnia,3539.19832936271,272,4896.808510638298,5.694355912675575
casa,Jardim América,3513.8321044801924,71,3918.518518518519,4.936820857730928
casa,Jardim das Oliveiras,3510.258588712944,37,2934.782608695652,4.83010164840334
casa,Parque Meia Lua,3484.437691803073,40,3408.5996603365757,4.058988301820188
casa,Cidade Jardim,3452.011378669202,274,3636.363636363637,3.0906112959674603
casa,Parque Itamarati,3434.9412608338766,73,3400.0,2.5808305654021035
casa,Vila Aprazível,3416.0751118410744,44,3175.0,2.0174132938117095
casa,Centro,3348.5215920959745,489,3398.0582524271845,0.0
casa,Jardim Flórida,3277.0370897595403,152,3398.11320754717,-2.134807865810684
casa,Jardim Mesquita,3275.4542981572376,66,3269.896585277545,-2.18207623660569
casa,Jardim Terras de Santa Helena,3257.2165709738692,106,4358.492482730598,-2.7267263659767504
casa,Loteamento Vila Romana,3255.212725531297,42,5071.428571428572,-2.786569057369337
casa,São João,3171.9249229554507,84,4610.7367475292,-5.273869804434639
casa,Jardim Santa Marina,3157.828184839932,139,3621.951219512195,-5.694853743997507
casa,Jardim Terras da Conceição,3083.294625843724,33,3888.8888888888887,-7.920718411322358
casa,Jardim São José,3065.1124613736365,42,3007.936507936508,-8.46370921995282
casa,Jardim Paraíba,3028.131826871815,163,4785.714285714285,-9.568096140709503
casa,Cidade Salvador,2991.8309420410096,239,3473.053892215569,-10.652183067802701
casa,Vila Zezé,2951.2737677695227,251,4142.857142857143,-11.863379506470451
casa,Jardim Emília,2913.799995703093,47,3089.430894308943,-12.982493450811884
casa,Santa Cruz dos Lázaros,2903.651146186364,50,3127.536231884058,-13.285577938625392
casa,Vila Formosa,2890.691448121109,68,3319.915254237288,-13.672605398619853
casa,Parque Santo Antônio,2882.9988123289672,176,3250.0,-13.902337702281853
casa,Bandeira Branca,2804.9281092660217,170,4936.140350877193,-16.233835377173
casa,Bairro do Colonia,2766.614545269871,51,4634.146341463415,-17.37802880529925
casa,Parque dos Príncipes,2752.3992193307104,173,2910.05291005291,-17.802554242815173
casa,Jardim Santo Antônio da Boa Vista,2670.3225525171524,55,3294.1176470588234,-20.25368572147418
casa,Jardim Didinha,2606.1518669007273,50,2932.712316296007,-22.170074308243237
casa,Jardim Primavera,2470.5530184538175,68,3312.5,-26.219588242003876
casa,Jardim Maria Amélia,2410.386006164095,81,2571.428571428572,-28.016411426054532
casa,Jardim Colônia,2398.852438860363,103,3771.929824561404,-28.360849022961666
casa,Jardim do Portal,2362.3337870523733,45,2765.217391304348,-29.45143932687938
casa,Jardim Nova Esperança,2361.6569167292846,154,3334.8039215686276,-29.471653331910318
casa,Jardim do Marquês,2324.3755281860776,31,3333.333333333333,-30.585021949010116
casa,Chácaras Reunidas Igarapés,2323.5486795521883,33,2727.2727272727275,-30.609714895170026
casa,Jardim Colinas,2317.935156217857,39,3333.333333333333,-30.777356738889406
casa,Jardim Bela Vista,2243.804297682891,110,2666.6666666666665,-32.99119518956414
casa,Jardim Paraíso,2239.7210952868854,132,2649.122807017544,-33.113135642498456
casa,Conjunto São Benedito,2190.3218594553373,64,2517.123287671233,-34.588390750548314
casa,Cidade Nova Jacareí,2189.1385808181694,134,2777.777777777778,-34.623728095840065
casa,Jardim do Vale,2161.1492348053143,50,2278.189134808853,-35.459599845298776
casa,Parque Imperial,1929.8177570441376,97,3153.846153846154,-42.368065907074325
