CD_SETOR,SITUACAO,CD_TIPO,AREA_KM2,NM_DIST,n_apartamento,mediana_apartamento,p25_apartamento,p75_apartamento,n_casa,mediana_casa,p25_casa,p75_casa,anuncios_por_km2
352440205000001,Urbana,0,0.13951692178693,Jacareí,0,,,,4,,3905.6852932999723,4690.616096866097,28.670357321306106
352440205000004,Urbana,0,0.114705604492389,Jacareí,17,7352.941176470588,7205.882352941177,7971.014492753623,12,3345.5627705627703,2676.923076923077,4991.666666666666,252.82112524784458
352440205000005,Urbana,0,0.125742445742134,Jacareí,0,,,,8,3803.546472079649,3393.0313588850177,4101.950354609929,63.62211226912175
352440205000007,Urbana,0,0.078245712969576,Jacareí,2,,7567.204301075269,8077.956989247312,32,3077.672327672328,2221.849266022198,3732.175979596569,434.52859856002715
352440205000008,Urbana,0,0.038483596716526,Jacareí,35,7311.827956989247,6989.247311827957,7526.881720430108,0,,,,909.4784008317487
352440205000009,Urbana,0,0.121383196132236,Jacareí,10,3938.2022471910113,3687.9208754208757,4275.36231884058,6,3194.0376569037658,2374.944360366777,3351.8700787401576,131.81396198011996
352440205000010,Urbana,0,0.218812988577009,Jacareí,7,3409.090909090909,3013.986013986014,3409.0954545454542,17,3181.818181818182,2887.029288702929,4379.56204379562,109.68270282343612
352440205000013,Urbana,0,0.056149233580188,Jacareí,0,,,,14,2804.3478260869565,2541.551776960784,3058.0065359477126,249.33554934469907
352440205000014,Urbana,0,0.050316963412899,Jacareí,0,,,,14,3585.0998343761503,2598.5714285714284,3853.281853281853,278.23618617674833
352440205000015,Urbana,0,0.142016326549469,Jacareí,15,7800.0,6547.619047619048,9069.444444444445,13,6842.857142857143,6334.23180592992,7703.488372093023,197.16042993300965
352440205000016,Urbana,0,0.963159092106103,Jacareí,17,5263.1578947368425,5093.506493506494,5357.142857142857,15,4817.987152034261,4661.458333333334,6184.210526315789,33.22400241275492
352440205000017,Urbana,0,0.072937559862362,Jacareí,8,5333.333333333333,5106.060606060606,5333.333333333333,9,3428.5714285714284,2760.4166666666665,6750.0,233.07607263089312
352440205000018,Urbana,0,0.13004655643601,Jacareí,0,,,,15,3333.333333333333,2391.304347826087,4136.029411764705,115.34330789743608
352440205000019,Urbana,0,0.095828625234707,Jacareí,0,,,,7,4534.767441860465,3954.571592869465,5063.730439172135,73.04706691612597
352440205000020,Urbana,7,0.003191200152189,Jacareí,0,,,,0,,,,0.0
352440205000023,Urbana,0,0.042814560543314,Jacareí,10,3000.0,2660.5263157894738,3290.8163265306125,9,3386.3636363636365,2994.011976047904,3530.612244897959,443.77426181400045
352440205000024,Urbana,0,0.040110909901625,Jacareí,0,,,,10,2821.7329545454545,2155.2162849872775,3043.689320388349,249.3087298325006
352440205000025,Urbana,0,0.034920740076683,Jacareí,0,,,,20,2024.7316211441769,1626.14822295965,2991.818181818182,572.7255480863718
352440205000027,Urbana,0,0.07283452572493,Jacareí,0,,,,17,2857.1428571428573,1927.2727272727277,3173.076923076923,233.40578977891516
352440205000029,Urbana,0,0.028601447788228,Jacareí,0,,,,0,,,,0.0
352440205000030,Urbana,0,0.021412708369885,Jacareí,0,,,,0,,,,0.0
352440205000031,Urbana,0,0.365459912940418,Jacareí,1,,3859.6491228070176,3859.6491228070176,0,,,,2.7362782198304547
352440205000032,Urbana,0,0.078718748524077,Jacareí,6,4428.814432989691,4219.673913043478,4676.318981200728,6,3613.776067099443,2800.9708737864075,4124.338212394892,152.44144787603767
352440205000036,Urbana,0,0.164237803808544,Jacareí,1,,6000.0,6000.0,18,5194.971037388099,3491.9871794871788,6305.483536427275,115.68591127867712
352440205000037,Urbana,0,0.145140518933054,Jacareí,9,6000.0,5714.285714285715,7816.091954022989,19,3827.751196172249,3179.892141756549,4905.66037735849,192.91649365615805
352440205000040,Urbana,1,0.074019945990244,Jacareí,0,,,,0,,,,0.0
352440205000045,Urbana,0,0.098252470073084,Jacareí,0,,,,9,4729.72972972973,3793.103448275862,5062.5,91.60075052876992
352440205000046,Urbana,0,0.112109346118272,Jacareí,1,,4655.172413793103,4655.172413793103,28,4157.83310735856,3424.383886255924,4629.747568318666,258.6760248285265
352440205000047,Urbana,0,0.069019131160197,Jacareí,0,,,,6,3837.8069080316272,3497.354497354497,4526.631374243734,86.9324185793311
352440205000048,Urbana,0,0.132553509746582,Jacareí,0,,,,11,3429.7520661157023,3204.583333333333,3856.2091503267975,82.98535452610786
352440205000049,Urbana,0,0.045442505128497,Jacareí,0,,,,5,3928.571428571429,3200.0,4054.054054054054,110.02914530925584
352440205000050,Urbana,0,0.045472420996485,Jacareí,0,,,,8,2790.094339622641,2688.725490196078,3549.7249259415994,175.9308131101794
352440205000055,Urbana,0,0.063224013422814,Jacareí,0,,,,8,3096.7492260061917,2476.26582278481,3177.083333333333,126.53420064461217
352440205000056,Urbana,0,0.048757105210118,Jacareí,0,,,,1,,2175.925925925926,2175.925925925926,20.50983124798971
352440205000057,Urbana,0,0.052934997383969,Jacareí,4,,4050.925925925926,5383.888888888889,4,,2775.0757147990353,4363.970588235294,151.12875026650602
352440205000058,Urbana,0,0.045547911619849,Jacareí,0,,,,2,,3101.190476190476,3589.2857142857147,43.90980681380865
352440205000059,Urbana,0,0.049963728498735,Jacareí,0,,,,0,,,,0.0
352440205000060,Urbana,0,0.083446954656499,Jacareí,0,,,,5,2941.176470588235,2820.0,3333.333333333333,59.91830403616282
352440205000062,Urbana,0,0.092468960747936,Jacareí,0,,,,11,2500.0,2052.653631284916,3091.622162883845,118.9588366845091
352440205000063,Urbana,0,0.073291604864445,Jacareí,0,,,,8,2306.7605633802814,1990.1408450704225,3050.4769475357707,109.15301984171636
352440205000064,Urbana,0,0.315412226024587,Jacareí,0,,,,26,3720.6716417910447,3388.8888888888887,4498.355263157895,82.43180782083333
352440205000066,Urbana,0,0.046538820029044,Jacareí,0,,,,5,3442.622950819672,3200.0,3503.184713375796,107.43718892914764
352440205000067,Urbana,0,0.06252930368404,Jacareí,0,,,,15,3421.0526315789475,2881.0244000806615,4339.528377298162,239.8875265874519
352440205000068,Urbana,0,0.045765379248587,Jacareí,0,,,,11,2500.0,2468.334135000802,2897.3622553095,240.35636065093078
352440205000070,Urbana,0,0.107341275406987,Jacareí,2,,3881.5789473684204,4013.157894736842,8,3354.6729672967294,2799.483882651213,3837.6543209876545,93.16080847823693
352440205000071,Urbana,0,0.088565596666498,Jacareí,2,,4212.4934429096,4963.061724077636,15,3214.285714285714,3084.1170323928945,5441.176470588235,191.94812252002413
352440205000072,Urbana,0,0.101316834947927,Jacareí,3,,6892.627412172193,7863.372093023256,28,4891.717743202892,3694.956477214542,6490.871333391018,305.9708686708662
352440205000073,Urbana,0,0.070741640641361,Jacareí,0,,,,11,3000.0,2765.9226190476193,3256.0975609756097,155.49540412508549
352440205000076,Urbana,0,0.115247757111769,Jacareí,8,4597.481481481482,4393.518518518518,6107.954545454546,25,3826.530612244898,2819.548872180452,4942.528735632184,286.3396288744787
352440205000078,Urbana,0,0.050853657437487,Jacareí,0,,,,7,3750.0,2434.2251950947602,3923.6111111111113,137.64988307094544
352440205000079,Urbana,0,0.07506650278324,Jacareí,4,,4686.363636363636,5324.160447761194,7,2526.315789473684,2093.636363636364,2818.181818181818,146.53673199300763
352440205000080,Urbana,0,0.040633640646724,Jacareí,1,,4122.222222222223,4122.222222222223,8,3809.9243061396132,2944.805194805195,4384.191176470588,221.4913519132479
352440205000081,Urbana,0,0.072626354355072,Jacareí,0,,,,17,3555.555555555556,2876.6666666666665,3933.3333333333335,234.07480866913116
352440205000082,Urbana,0,0.109537608267655,Jacareí,0,,,,17,3666.6666666666665,3312.5,4142.857142857143,155.19783815674086
352440205000083,Urbana,0,0.087117650185649,Jacareí,0,,,,16,3567.892503536068,3364.717157065893,4041.666666666667,183.65968280714372
352440205000084,Urbana,0,0.067572118800196,Jacareí,0,,,,9,3657.718120805369,3200.0,3913.0434782608695,133.19102848635103
352440205000085,Urbana,0,0.083212671063641,Jacareí,12,6666.666666666667,6062.5,6813.978494623656,15,3500.0,3022.312373225152,4047.6190476190477,324.4698151721439
352440205000086,Urbana,0,0.068420274270844,Jacareí,36,8628.241619228338,7933.605125218404,8944.01572510192,14,2735.042735042735,2540.7888290053897,3185.908084163898,730.7775441249079
352440205000087,Urbana,0,0.053913206379183,Jacareí,1,,6382.978723404255,6382.978723404255,14,2851.6129032258063,2667.93893129771,3478.6511268228014,278.224965781145
352440205000088,Urbana,0,0.059202051547607,Jacareí,1,,6770.833333333333,6770.833333333333,8,5081.419868791003,2760.551724137931,6718.481529209622,152.02175878588767
352440205000091,Urbana,0,0.052487772591952,Jacareí,7,5681.818181818182,5505.8441558441555,6197.255574614065,5,4655.172413793103,4182.509505703422,4785.714285714285,228.624675946717
352440205000092,Urbana,0,0.052151094211426,Jacareí,0,,,,12,2995.614035087719,2575.214023644517,4291.666666666667,230.1006370326717
352440205000093,Urbana,0,0.053215751629604,Jacareí,1,,4545.454545454545,4545.454545454545,4,,2657.215047725997,4355.7692307692305,93.95714326843206
352440205000094,Urbana,0,0.039165850330067,Jacareí,0,,,,7,2766.6666666666665,2091.1978221415607,4267.857142857143,178.72712939992553
352440205000095,Urbana,0,0.049887424596435,Jacareí,0,,,,6,2026.2686567164178,1355.634328358209,2800.0,120.2707906559034
352440205000096,Urbana,0,0.398512214352591,Jacareí,1,,3963.636363636364,3963.636363636364,8,3663.9053254437868,2785.049627791563,4308.035714285714,22.584000379062623
352440205000097,Urbana,0,0.090830515210764,Jacareí,0,,,,7,2872.340425531915,1541.7998914092664,2980.0,77.06661119071198
352440205000103,Urbana,0,0.120143352975886,Jacareí,0,,,,2,,3576.8028141489153,5688.391635724057,16.646780287557153
352440205000106,Urbana,0,0.214602907785328,Jacareí,7,6166.666666666667,5613.0952380952385,6552.631578947368,0,,,,32.61838374996416
352440205000109,Urbana,0,0.082397423489083,Jacareí,0,,,,16,2705.6303549571603,2366.0714285714284,3260.110294117647,194.18082899303124
352440205000112,Urbana,0,0.087024020576864,Jacareí,2,,4220.674486803519,6116.568914956012,31,4411.764705882353,2797.388316151203,4931.506849315068,379.20564668524753
352440205000113,Urbana,0,0.059758259824482,Jacareí,0,,,,8,2542.063492063492,2208.333333333333,3074.00895140665,133.87270686089371
352440205000116,Urbana,0,0.100727091386951,Jacareí,0,,,,14,3862.31884057971,2645.807259073842,4934.210526315789,138.9894198991402
352440205000117,Urbana,0,0.124626050203675,Jacareí,0,,,,22,2276.7379679144387,1802.6315789473683,3024.8782414110833,176.52810117985476
352440205000118,Urbana,0,0.064777546295656,Jacareí,0,,,,8,3093.4343434343436,2430.371352785146,3511.3916256157636,123.49958369041344
352440205000119,Urbana,0,0.113163074385192,Jacareí,0,,,,8,2568.542568542569,2279.1666666666665,2716.9117647058824,70.69443847706954
352440205000120,Urbana,0,0.096828350249315,Jacareí,0,,,,14,3438.492063492064,2003.0975609756097,4903.388278388278,144.58575369664567
352440205000127,Urbana,0,0.099918763881804,Jacareí,0,,,,9,2833.333333333333,2333.333333333333,3796.296296296296,90.07317194842692
352440205000129,Urbana,0,0.75462635769409,Jacareí,0,,,,1,,4609.756097560976,4609.756097560976,1.3251591198798007
352440205000133,Urbana,0,0.036253007353556,Jacareí,0,,,,0,,,,0.0
352440205000136,Urbana,0,0.077234371926752,Jacareí,6,8863.636363636364,7465.909090909091,8977.272727272728,14,5167.483660130719,4542.857142857143,6582.631401617251,258.9520637128728
352440205000139,Urbana,0,0.059451957476447,Jacareí,0,,,,6,2844.0,2404.488038277512,3273.7837837837837,100.92182418681524
352440205000140,Urbana,0,0.050077104099397,Jacareí,0,,,,3,,1625.925925925926,3880.4713804713806,59.90761754204801
352440205000141,Urbana,0,0.334847637364901,Jacareí,0,,,,7,3296.703296703297,2883.184523809524,3707.308377896613,20.90503028507779
352440205000142,Urbana,0,0.067560067604854,Jacareí,1,,5400.0,5400.0,24,3707.0610687022904,3179.6601458885943,4406.896551724138,370.0410743550502
352440205000143,Urbana,0,0.06917439573552,Jacareí,0,,,,15,5033.333333333333,3569.952928870293,5938.981653267368,216.8432386073989
352440205000144,Urbana,0,0.193527032713992,Jacareí,7,5094.33962264151,4915.590863952333,5354.774535809019,7,2842.1052631578946,1644.7619047619048,5322.215604526504,72.34131482132625
352440205000147,Urbana,0,0.063251446091906,Jacareí,6,3834.9,3787.638679245283,3990.0,6,3148.6928104575168,2799.8366013071895,3424.4756041951664,189.7189825915393
352440205000148,Urbana,0,0.045858739998388,Jacareí,0,,,,8,2927.272727272727,2855.902777777778,4015.625,174.44875285019194
352440205000149,Urbana,0,0.042593016498074,Jacareí,0,,,,12,3317.0576923076924,2845.2538997676734,3702.0676691729323,281.7363264361101
352440205000150,Urbana,0,0.166142151555932,Jacareí,1,,3773.5849056603774,3773.5849056603774,27,4006.410256410256,3092.783505154639,4721.3622291021675,168.53038038678437
352440205000151,Urbana,0,0.044014642396634,Jacareí,0,,,,5,3232.3232323232323,3186.813186813187,3333.333333333333,113.59856010967778
352440205000152,Urbana,0,0.057902453441862,Jacareí,0,,,,14,2881.138613861386,2573.6563922758914,3886.168910648715,241.78595496056056
352440205000153,Urbana,0,0.044497659092259,Jacareí,0,,,,5,2961.538461538461,2406.25,3521.7391304347825,112.36546150963301
352440205000154,Urbana,0,0.025915114503182,Jacareí,0,,,,2,,1899.3135011441645,1908.4668192219679,77.17504006221655
352440205000158,Urbana,0,0.231640709987297,Jacareí,0,,,,10,3120.218579234973,2080.357142857143,3632.010353753236,43.170304565844205
352440205000159,Urbana,0,0.06501036922383,Jacareí,0,,,,1,,2442.7480916030536,2442.7480916030536,15.382161521910618
352440205000161,Urbana,0,0.058129230353168,Jacareí,0,,,,0,,,,0.0
352440205000162,Urbana,0,0.373446925593495,Jacareí,0,,,,12,7596.153846153846,7295.298125475549,8082.869634340223,32.133080171778566
352440205000163,Urbana,0,0.071448377661636,Jacareí,0,,,,3,,4366.809610057532,6060.496252872083,41.988357163368335
352440205000164,Urbana,0,0.053020185705866,Jacareí,0,,,,7,3038.4615384615386,2880.7692307692305,3152.1739130434785,132.02518827137075
352440205000165,Urbana,0,0.055425473857412,Jacareí,0,,,,6,4089.55223880597,3158.906554185594,5256.849315068493,108.25347231916585
352440205000166,Urbana,0,0.09008694221095,Jacareí,0,,,,45,7361.111111111111,6631.578947368421,7860.262008733624,499.5174538683619
352440205000167,Urbana,0,0.092271306304994,Jacareí,0,,,,5,3723.404255319149,3529.4117647058824,3777.777777777778,54.188026594887226
352440205000170,Urbana,0,0.068120782738409,Jacareí,0,,,,3,,2555.7190916736754,3402.8735632183907,44.039423497529626
352440205000172,Urbana,0,0.054276096952756,Jacareí,0,,,,3,,2261.5606936416184,2532.051282051282,55.27295012777568
352440205000173,Urbana,0,0.065481478187612,Jacareí,1,,2134.1463414634145,2134.1463414634145,15,2097.202797202797,1876.4799905280609,2731.9347319347316,244.34390369377658
352440205000174,Urbana,0,0.048097162361102,Jacareí,0,,,,2,,1661.875,2012.2916666666667,41.582494721507224
352440205000185,Urbana,0,0.071222784080927,Jacareí,0,,,,5,4032.258064516129,3136.842105263158,4730.158730158731,70.20225429995466
352440205000187,Urbana,0,0.093164210235252,Jacareí,1,,3473.053892215569,3473.053892215569,9,3296.703296703297,3260.8695652173915,3473.053892215569,107.33735599484687
352440205000195,Urbana,0,0.099160552326788,Jacareí,2,,4884.838998211091,5039.132379248658,10,2166.1329514883278,1691.1764705882354,2546.188679245283,121.01586486179976
352440205000196,Urbana,0,0.112016492417669,Jacareí,1,,8725.490196078432,8725.490196078432,3,,2106.2801932367147,3083.333333333333,35.709027426831454
352440205000197,Urbana,0,0.10224074417113,Jacareí,0,,,,14,2403.125,1769.6402877697842,2897.549019607843,136.93171067462964
352440205000198,Urbana,0,0.061897181818736,Jacareí,4,,4100.966346153847,5285.714285714286,2,,2112.169989974379,2148.0282945304666,96.93494636913869
352440205000199,Urbana,0,0.162949849096699,Jacareí,0,,,,8,2053.030303030303,1830.1314459049545,3582.06106870229,49.09485982556864
352440205000201,Urbana,0,0.16952568262386,Jacareí,1,,4200.0,4200.0,11,3187.5,2260.584677419355,4233.415233415233,70.78573472920529
352440205000202,Urbana,0,0.035401187010261,Jacareí,0,,,,1,,1912.3505976095616,1912.3505976095616,28.24764038872908
352440205000203,Urbana,0,0.02816774579206,Jacareí,0,,,,0,,,,0.0
352440205000205,Urbana,0,0.117729404148103,Jacareí,1,,5272.727272727273,5272.727272727273,39,4625.850340136054,4136.764705882353,5029.585798816568,339.7621884646609
352440205000208,Urbana,0,0.214459233124349,Jacareí,0,,,,2,,2355.981391227293,2527.403633141338,9.32578173885546
352440205000211,Urbana,0,0.084449994912125,Jacareí,0,,,,1,,1518.3246073298428,1518.3246073298428,11.841326941944242
352440205000213,Urbana,0,0.021800332618964,Jacareí,0,,,,1,,2480.916030534351,2480.916030534351,45.87085974688776
352440205000214,Urbana,0,0.123870847664395,Jacareí,0,,,,3,,2523.577235772358,3515.243902439024,24.218773477097223
352440205000217,Urbana,0,0.075218300771357,Jacareí,0,,,,3,,1741.2344248044046,2676.470588235294,39.88391082004335
352440205000220,Urbana,0,0.0621565135291,Jacareí,2,,5803.571428571428,6517.857142857143,13,3500.0,3222.222222222222,3764.705882352941,241.32627697944164
352440205000222,Urbana,0,0.088124138019295,Jacareí,9,7307.692307692308,7075.471698113208,7600.0,34,4318.05859660098,3472.222222222222,5990.384615384615,487.9480351976327
352440205000225,Urbana,0,0.06552260561789,Jacareí,0,,,,5,3500.0,3068.7830687830688,4375.0125,76.309541613144
352440205000232,Urbana,0,0.131149946875085,Jacareí,0,,,,0,,,,0.0
352440205000234,Rural,0,17.00856929071819,Jacareí,0,,,,1,,7960.199004975125,7960.199004975125,0.05879389282587771
352440205000235,Rural,0,19.546704658315676,Jacareí,0,,,,0,,,,0.0
352440205000236,Rural,0,44.9009403805158,Jacareí,0,,,,0,,,,0.0
352440205000237,Rural,0,21.969236650445215,Jacareí,0,,,,0,,,,0.0
352440205000239,Urbana,0,4.132008472395765,Jacareí,0,,,,8,5064.102564102564,4934.44055944056,5804.945054945056,1.936104452216079
352440205000242,Urbana,0,0.017639548497661,Jacareí,0,,,,0,,,,0.0
352440205000243,Urbana,0,0.047673092254687,Jacareí,0,,,,19,3131.147540983606,2544.7440463925113,3859.960573749959,398.54767336037463
352440205000245,Urbana,0,0.021127250544203,Jacareí,0,,,,7,3933.3333333333335,3442.760942760943,4013.605442176871,331.32564908786463
352440205000246,Urbana,0,0.005562121706782,Jacareí,0,,,,9,8411.214953271028,7722.222222222223,9764.309764309764,1618.0875706164663
352440205000250,Urbana,0,0.051185199332632,Jacareí,12,5706.349206349207,4847.222222222223,5922.718603411514,11,2500.0,2335.664335664336,5059.523809523809,449.3486456999466
352440205000253,Urbana,0,0.044156282881777,Jacareí,2,,4038.676236044658,4843.3014354067,16,3203.7037037037035,2530.7411827827477,4008.1082629008106,407.64300854292424
352440205000256,Urbana,0,0.087164913746747,Jacareí,0,,,,16,4008.760545100584,3276.699029126213,5052.083333333333,183.5600967435951
352440205000257,Urbana,0,0.095709514747589,Jacareí,1,,5200.0,5200.0,14,3280.774249673771,2989.916286149163,3433.3894736842103,156.72422997398868
352440205000259,Urbana,0,0.030262672449003,Jacareí,0,,,,5,2900.763358778626,2777.777777777778,2989.32384341637,165.2200415685603
352440205000260,Urbana,0,0.013049224618192,Jacareí,0,,,,1,,5675.675675675676,5675.675675675676,76.63290572881198
352440205000262,Urbana,4,0.063695328098553,Jacareí,0,,,,0,,,,0.0
352440205000263,Urbana,0,0.042678888535642,Jacareí,0,,,,2,,3739.202657807309,4008.3056478405315,46.861576498876246
352440205000267,Urbana,0,0.440958804575476,Jacareí,2,,3563.432835820896,3675.373134328358,2,,3021.927048088887,3739.549453188099,9.071142153178952
352440205000271,Urbana,0,0.175732689919249,Jacareí,0,,,,6,3083.333333333333,2375.0,3666.6666666666665,34.1427653714119
352440205000274,Urbana,1,0.052981169237724,Jacareí,0,,,,0,,,,0.0
352440205000275,Urbana,0,0.245843807545599,Jacareí,1,,4328.358208955224,4328.358208955224,3,,2883.7719298245615,7050.438596491228,16.27049320434106
352440205000282,Urbana,0,0.249302245271555,Jacareí,10,4731.481481481482,4311.733400586941,6952.11038961039,24,5833.333333333334,4995.934959349594,6717.708333333333,136.3806409483603
352440205000284,Urbana,0,0.101954607032053,Jacareí,0,,,,40,6942.552928067352,6217.168262653899,7903.93231441048,392.3314616614098
352440205000288,Urbana,0,0.125732772638078,Jacareí,0,,,,2,,3104.79797979798,3610.690235690236,15.906751740510833
352440205000297,Rural,0,0.241614822218666,Jacareí,0,,,,0,,,,0.0
352440205000312,Rural,0,2.901932097090496,Jacareí,0,,,,1,,6976.744186046512,6976.744186046512,0.34459800110506006
352440205000313,Rural,0,2.919730869495468,Jacareí,0,,,,0,,,,0.0
352440205000320,Rural,0,11.79661626443117,Jacareí,0,,,,0,,,,0.0
352440205000321,Rural,0,4.574998809524617,Jacareí,0,,,,0,,,,0.0
352440205000333,Urbana,0,1.314757701861502,Jacareí,0,,,,0,,,,0.0
352440205000339,Urbana,1,0.030539407890413,Jacareí,0,,,,0,,,,0.0
352440205000340,Urbana,0,0.097468250207706,Jacareí,0,,,,0,,,,0.0
352440205000341,Urbana,1,0.067827937913981,Jacareí,0,,,,0,,,,0.0
352440205000348,Urbana,0,0.749703541540852,Jacareí,0,,,,0,,,,0.0
352440205000350,Urbana,0,1.014156932095326,Jacareí,0,,,,2,,3783.854166666667,4039.0625,1.9720813778473578
352440205000360,Rural,6,0.008873549455956,Jacareí,0,,,,0,,,,0.0
352440205000361,Rural,0,30.214893053119162,Jacareí,0,,,,0,,,,0.0
352440205000364,Urbana,0,0.140060054952605,Jacareí,40,5782.608695652174,5253.737214791503,7873.493975903614,58,7437.751931474639,6604.064436983471,8351.28135223555,699.6998539887926
352440205000365,Urbana,0,0.072185553234064,Jacareí,29,6179.775280898876,5000.0,7468.354430379747,5,5472.636815920398,4416.666666666667,6200.0,471.0083732371475
352440205000366,Urbana,0,0.046857649444293,Jacareí,3,,3417.5920514319114,4288.589588377724,10,2566.773504273504,1774.4487460023565,3558.6124401913876,277.4360249430593
352440205000367,Urbana,0,0.041771673126972,Jacareí,5,4375.0,4107.142857142857,4553.571428571428,9,2365.0793650793653,2318.840579710145,3397.435897435897,335.1553565365853
352440205000368,Urbana,0,0.07692380183218,Jacareí,0,,,,5,2522.935779816514,2379.603399433428,4000.0,64.99938745758038
352440205000370,Urbana,0,0.049261383776619,Jacareí,1,,11227.272727272728,11227.272727272728,9,3100.0,2900.0,4147.826086956522,202.99876360246125
352440205000371,Urbana,0,0.195708220280592,Jacareí,2,,4606.725146198831,5609.649122807017,14,3529.4117647058824,3016.0271976687714,3953.5158891142673,81.75435848867451
352440205000372,Urbana,0,0.097352860632137,Jacareí,0,,,,20,3670.35536159601,3355.04507124164,4024.5315533980583,205.43823643326854
352440205000373,Urbana,0,0.124852109969716,Jacareí,3,,4739.583333333334,5107.638888888889,33,3761.904761904762,3378.4860557768925,4188.48167539267,288.3411422420664
352440205000374,Urbana,0,0.08646784976753,Jacareí,0,,,,27,5800.0,5331.21940364931,6761.344537815126,312.25478686690917
352440205000375,Urbana,0,0.07048340419399,Jacareí,9,4583.333333333333,4292.929292929293,4833.333333333333,9,3409.090909090909,3181.818181818182,4805.194805194805,255.37926559930298
352440205000376,Urbana,0,0.010566454687866,Jacareí,14,5109.159943046987,4916.666666666666,5436.0465116279065,1,,5955.056179775281,5955.056179775281,1419.5868380740105
352440205000377,Urbana,0,0.110871409976489,Jacareí,2,,4909.902168164992,4959.214701216288,30,3372.7543558725292,2556.7796610169494,3955.8823529411766,288.6226485870957
352440205000378,Urbana,0,0.069336211280786,Jacareí,10,8881.176470588234,8226.470588235294,9208.44733242134,21,4265.402843601896,3445.0,4632.35294117647,447.0968261369441
352440205000379,Urbana,0,0.071293394747337,Jacareí,4,,4377.763888888889,6057.255244755244,7,2736.842105263158,2201.088623188406,3476.903630018411,154.29199351474114
352440205000380,Urbana,0,0.058904236478819,Jacareí,27,4838.709677419355,4128.787878787879,5230.769230769231,15,3180.0,2752.606975907947,5769.030498388296,713.0217198401767
352440205000381,Urbana,0,0.091588405644427,Jacareí,0,,,,17,4308.943089430894,3348.5714285714284,4990.0,185.6130137912759
352440205000382,Urbana,0,0.085352211141405,Jacareí,0,,,,35,4338.624338624339,3517.2413793103447,5307.739938080495,410.0655335339196
352440205000383,Urbana,0,0.164810372023391,Jacareí,1,,6309.523809523809,6309.523809523809,27,4033.613445378152,3427.435897435897,5326.923076923076,169.89222010873232
352440205000384,Urbana,0,0.104651420305093,Jacareí,0,,,,22,4594.711470795215,4477.941176470588,5541.915608663182,210.22170493112114
352440205000385,Urbana,0,0.26694996800261,Jacareí,2,,4279.925847457627,5551.641949152542,14,4390.089028541503,2857.142857142857,5672.990196078432,59.93632484662282
352440205000386,Urbana,0,0.217490455160673,Jacareí,22,5452.3892857142855,5059.280303030303,6276.785714285714,15,5000.0,3183.4460003219056,5583.333333333334,170.12240823472425
352440205000387,Urbana,0,0.040537921254143,Jacareí,6,5535.705357142857,5176.221804511279,6128.382235221675,2,,4003.504672897196,5001.1682242990655,197.34608367917718
352440205000388,Urbana,0,0.128994436058997,Jacareí,0,,,,42,3874.314589829051,2974.6538654909696,5476.342710997442,325.5954387117197
352440205000389,Urbana,0,0.087186678582425,Jacareí,1,,6050.420168067227,6050.420168067227,66,4895.833333333334,4508.196721311476,5808.630952380952,768.4660212931404
352440205000390,Urbana,0,0.03603822027438,Jacareí,0,,,,17,7051.282051282052,6541.666666666667,7500.0,471.72140773237635
352440205000391,Urbana,0,0.025762420557677,Jacareí,0,,,,10,7132.832150196152,6355.140186915888,7811.209595959596,388.1622838045037
352440205000392,Urbana,0,0.021734508836611,Jacareí,0,,,,1,,7840.909090909091,7840.909090909091,46.00978138118934
352440205000393,Urbana,0,0.040128603369308,Jacareí,9,5517.241379310345,4779.411764705882,6046.511627906977,7,2293.577981651376,2211.9815668202764,3811.475409836066,398.71808776274173
352440205000394,Urbana,0,0.017736896126731,Jacareí,12,6399.621212121212,6250.0,6508.438818565401,0,,,,676.5558029014438
352440205000395,Urbana,0,0.068102148646077,Jacareí,6,5962.494915254238,5414.775,6403.7886340977075,12,3299.107142857143,2925.531914893617,3575.7575757575764,264.3088413193096
352440205000396,Urbana,0,0.055965605252072,Jacareí,14,7774.024461269657,5636.188136188137,8824.257425742573,18,4123.287671232876,3724.3849594632375,4657.534246575343,571.7797539376254
352440205000397,Urbana,0,0.05011762927839,Jacareí,10,5031.645569620254,4385.146103896104,5192.7655677655675,6,2896.536796536797,2702.667984189723,3886.9047619047624,319.24893955227384
352440205000398,Urbana,0,0.027586737521773,Jacareí,5,5714.605633802817,5690.140845070423,6521.739130434783,1,,3145.6953642384105,3145.6953642384105,217.4958164322426
352440205000399,Urbana,0,0.022471743731045,Jacareí,28,5676.923076923077,5345.27972027972,6250.0,2,,3271.872265966754,3831.3648293963256,1335.0098843711276
352440205000400,Urbana,0,0.074437899952194,Jacareí,4,,3602.6785714285716,4067.3076923076924,6,4413.373860182371,4008.7450414713303,4972.644376899696,134.3401681995632
352440205000401,Urbana,0,0.045452439880532,Jacareí,1,,5612.244897959184,5612.244897959184,8,3822.8432679489624,2533.333333333333,4336.925287356322,198.0091723052879
352440205000402,Urbana,0,0.105427710362762,Jacareí,0,,,,6,2190.590350614324,1881.9148936170213,2426.7343189572216,56.91103391465906
352440205000403,Urbana,0,0.173262286047299,Jacareí,0,,,,0,,,,0.0
352440205000404,Urbana,0,0.192646044937843,Jacareí,0,,,,2,,1810.9979101358413,2251.175548589342,10.381734027528557
352440205000405,Urbana,0,0.346812081307752,Jacareí,0,,,,1,,2714.285714285714,2714.285714285714,2.883405895865047
352440205000406,Urbana,0,0.032648587897076,Jacareí,2,,3727.0299145299145,4001.602564102564,7,4761.9047619047615,2717.448559670782,5150.372940847992,275.6627646001817
352440205000407,Urbana,0,0.065622860740106,Jacareí,24,4154.761904761905,3917.4500587544067,7590.36328125,1,,10555.555555555557,10555.555555555557,380.96479973664157
352440205000408,Urbana,0,0.044884363400893,Jacareí,0,,,,14,3418.75,2660.7142857142853,4122.65625,311.9126336928611
352440205000409,Urbana,0,0.030921993117989,Jacareí,12,4784.48275862069,4603.448275862069,4913.793103448276,3,,3016.2151067323484,3847.431077694236,485.0916285623803
352440205000410,Urbana,0,0.082260726386842,Jacareí,1,,7105.263157894737,7105.263157894737,15,3617.021276595745,3109.243697478992,5840.773809523809,194.5035097885943
352440205000411,Urbana,0,0.087505849672676,Jacareí,0,,,,29,4140.127388535032,3723.404255319149,5454.545454545455,331.406415782228
352440205000412,Urbana,0,0.017556472605764,Jacareí,6,3934.4946641556808,3761.228813559322,4115.949074074075,0,,,,341.75429966667264
352440205000413,Urbana,0,0.043331827140701,Jacareí,0,,,,5,2941.176470588235,2941.176470588235,3240.0,115.38862609611878
352440205000415,Urbana,0,0.159327742497557,Jacareí,0,,,,62,4544.1558441558445,3764.8809523809523,5587.732919254659,389.13499324168646
352440205000416,Urbana,0,0.008192625617626,Jacareí,0,,,,0,,,,0.0
352440205000417,Urbana,0,0.033793299244622,Jacareí,23,4629.62962962963,4351.851851851852,4882.8125,2,,2525.1414204902576,3544.416509532789,739.7916320342293
352440205000418,Urbana,0,0.013488524890267,Jacareí,6,4698.863636363636,4411.931818181818,4950.0,0,,,,444.8225472252683
352440205000419,Urbana,0,0.088613139682915,Jacareí,3,,5136.643393393393,6376.984126984127,7,5000.0,4643.4108527131775,5290.073529411765,112.85008110290492
352440205000420,Urbana,0,0.028642383562049,Jacareí,32,5682.2344322344325,4967.948717948718,6071.524966261808,0,,,,1117.225454741826
352440205000421,Urbana,0,0.008709766733544,Jacareí,0,,,,0,,,,0.0
352440205000422,Urbana,0,0.014745737632878,Jacareí,0,,,,0,,,,0.0
352440205000423,Urbana,0,0.035547853522807,Jacareí,0,,,,0,,,,0.0
352440205000424,Urbana,0,0.036210600781055,Jacareí,2,,7389.455782312925,7946.145124716553,2,,3562.264796442012,3930.0376325692787,110.46488911315598
352440205000425,Urbana,0,0.087153853383927,Jacareí,1,,4387.755102040816,4387.755102040816,16,3440.068493150685,3188.2267441860467,4182.051282051282,195.0573536331459
352440205000426,Urbana,0,0.028514278554286,Jacareí,5,4375.0,4346.938775510204,4469.3877551020405,1,,1097.17868338558,1097.17868338558,210.4208945205151
352440205000427,Urbana,0,0.054166682025972,Jacareí,1,,5859.390625,5859.390625,7,3896.103896103896,2525.661440470358,4481.605351170569,147.69226581321956
352440205000428,Urbana,0,0.017960702862045,Jacareí,6,6195.652173913043,5869.58152173913,6215.579710144928,3,,1733.3333333333335,3176.923076923077,501.093975504657
352440205000429,Urbana,0,0.040847346143204,Jacareí,9,6617.64705882353,6470.588235294118,6838.235294117647,15,5227.272727272727,3638.157894736842,6783.333333333334,587.5534708144806
352440205000430,Urbana,0,0.378943306958233,Jacareí,13,6250.0,5500.0,6465.517241379311,96,6400.73568610726,5316.857142857143,7429.6695670741465,287.641971763375
352440205000431,Urbana,0,0.166131680732388,Jacareí,15,6000.0,4398.148148148148,7494.186046511628,29,5191.256830601093,3985.0,6900.0,264.8501466187962
352440205000432,Urbana,0,0.025635138307481,Jacareí,14,6226.333907056798,5460.164835164835,6618.815688285055,0,,,,546.1253936716399
352440205000433,Urbana,0,0.301289417064597,Jacareí,8,6034.352744030163,5495.793940155897,6513.7254738942465,24,3649.5726495726494,2633.333333333333,4692.670036764706,106.21016931749429
352440205000434,Urbana,0,0.143384184874858,Jacareí,0,,,,37,3316.326530612245,2615.3846153846152,4210.526315789473,258.04798508491467
352440205000435,Urbana,0,0.143799461039332,Jacareí,0,,,,14,3487.577639751553,2585.8958682426824,4074.8199819981996,97.35780578600864
352440205000436,Urbana,0,0.347761159665309,Jacareí,0,,,,36,4269.931778841259,3860.474702768376,5198.529411764706,103.51932353413758
352440205000437,Urbana,0,0.25483073433175,Jacareí,3,,6001.108647450111,7200.783972125435,72,4950.0,3736.367946894263,7222.222222222223,294.3130081882574
352440205000438,Urbana,0,0.157903103910985,Jacareí,0,,,,15,3361.344537815126,2675.5675124190784,4385.964912280702,94.994966080312
352440205000439,Urbana,0,0.077930599888667,Jacareí,0,,,,9,3000.0,2785.714285714286,5375.0,115.4873696963395
352440205000440,Urbana,0,0.085702033492706,Jacareí,0,,,,5,3368.4210526315787,2700.0,4960.0,58.341672842868356
352440205000441,Urbana,0,0.051339725811142,Jacareí,0,,,,0,,,,0.0
352440205000442,Urbana,0,0.038899789136572,Jacareí,0,,,,1,,6212.121212121212,6212.121212121212,25.707080223214902
352440205000443,Urbana,0,0.042363740191536,Jacareí,0,,,,1,,7857.142857142857,7857.142857142857,23.60509236150479
352440205000445,Urbana,0,0.18891279073366,Jacareí,2,,3171.052631578948,3723.684210526316,10,2941.176470588235,2603.988197220636,3572.3039215686276,63.52137382226428
352440205000446,Urbana,0,0.070193200823288,Jacareí,0,,,,12,1911.904761904762,1781.547619047619,2848.4848484848485,170.95672884628962
352440205000447,Urbana,0,0.097118312306017,Jacareí,0,,,,15,2765.217391304348,2554.3478260869565,3453.0414107390534,154.4507893911442
352440205000448,Urbana,0,0.0696546703204,Jacareí,0,,,,4,,1917.9894179894177,3833.614864864865,57.426156517583955
352440205000449,Urbana,0,0.07185894155637,Jacareí,0,,,,7,3225.8064516129034,2749.45652173913,3721.9251336898396,97.41306855332436
352440205000450,Urbana,0,0.070631361920699,Jacareí,1,,4465.116279069767,4465.116279069767,5,2453.98773006135,2222.222222222222,2800.0,84.94810006263887
352440205000451,Urbana,0,0.086037857407161,Jacareí,0,,,,8,3841.399947957325,3010.5676328502414,4540.56783083868,92.98232477060911
352440205000452,Urbana,0,0.044777282684334,Jacareí,0,,,,2,,2583.333333333333,3416.666666666667,44.665506259041706
352440205000453,Urbana,0,0.059019110223675,Jacareí,0,,,,5,2933.333333333333,2898.550724637681,3636.363636363637,84.71832226969585
352440205000454,Urbana,0,0.048354516225586,Jacareí,1,,3900.0,3900.0,0,,,,20.680591557048118
352440205000455,Urbana,0,0.084134480348537,Jacareí,0,,,,1,,3918.918918918919,3918.918918918919,11.885733362319256
352440205000456,Urbana,0,0.084762149381737,Jacareí,1,,3979.591836734694,3979.591836734694,33,3082.7067669172934,2301.328125,4509.803921568628,401.12243788057714
352440205000458,Urbana,0,0.100028520851043,Jacareí,0,,,,1,,1736.842105263158,1736.842105263158,9.997148728102712
352440205000459,Urbana,0,0.090079406194152,Jacareí,0,,,,3,,2040.0,2478.333333333333,33.30394955683846
352440205000461,Urbana,0,2.539068880240886,Jacareí,0,,,,4,,3765.748031496063,4202.1276595744675,1.5753806567155881
352440205000462,Urbana,0,1.279400127308467,Jacareí,0,,,,1,,2333.333333333333,2333.333333333333,0.7816163049035693
352440205000463,Urbana,0,0.748938206503031,Jacareí,0,,,,4,,1746.7948717948723,2681.818181818182,5.34089456949585
352440205000464,Urbana,0,0.457895846056734,Jacareí,0,,,,4,,1777.1084337349396,2930.7733050847455,8.735611022565148
352440205000465,Urbana,0,0.325164830004462,Jacareí,0,,,,4,,2883.5931963146704,3705.8212058212057,12.301453388870842
352440205000466,Urbana,0,0.630873539871722,Jacareí,0,,,,0,,,,0.0
352440205000467,Urbana,0,0.067542101673152,Jacareí,0,,,,1,,3500.0,3500.0,14.805580152645742
352440205000468,Urbana,0,0.052053062775937,Jacareí,0,,,,0,,,,0.0
352440205000469,Urbana,0,0.180296945044347,Jacareí,0,,,,5,3375.0,3166.6666666666665,4807.692307692308,27.732028397764406
352440205000470,Urbana,0,0.204378970067753,Jacareí,0,,,,1,,1785.7142857142858,1785.7142857142858,4.892871314834855
352440205000471,Urbana,0,0.059288607488749,Jacareí,2,,7749.477533960293,8593.260188087776,7,3932.5842696629215,3320.4301075268822,4186.7469879518085,151.79982093031785
352440205000472,Urbana,0,0.049809043390129,Jacareí,6,7413.793103448275,7226.633393829401,7700.892857142857,11,5380.434782608696,3757.3529411764703,6397.173913043478,341.30348312148084
352440205000473,Urbana,0,0.081290756672933,Jacareí,27,4693.877551020408,4256.259204712813,5308.349146110057,8,2812.911725955204,2159.4256259204712,3230.9911102704746,430.55325639075744
352440205000474,Urbana,0,0.044269357899808,Jacareí,25,7731.958762886598,7142.857142857143,8163.255102040816,7,3453.2374100719426,3226.7628205128203,5323.076923076923,722.8476200721851
352440205000475,Urbana,0,0.059002475278333,Jacareí,17,5111.111111111111,4842.105263157895,5581.395348837209,18,3950.0,3503.937007874016,4502.212389380531,593.1954521381371
352440205000477,Urbana,0,0.088690466883549,Jacareí,3,,4211.224489795918,4531.519274376417,6,3351.4766483516487,2777.3008241758243,4956.825657894737,101.47652071577257
352440205000478,Urbana,0,0.062741988719142,Jacareí,14,6957.867897037397,6210.037989479837,7276.446522501461,8,4182.142857142857,3752.2321428571427,5102.272727272727,350.6423760088434
352440205000479,Urbana,0,0.019296064754067,Jacareí,9,6271.186440677966,4500.0,6949.152542372882,14,6173.873873873874,4677.871148459384,6905.405405405405,1191.9528822659204
352440205000480,Urbana,0,0.081604019757353,Jacareí,4,,5243.18859088974,5796.769977595221,9,3267.97385620915,3062.5,3395.061728395062,159.30587780669498
352440205000481,Urbana,0,0.030605877360672,Jacareí,34,5426.150121065375,5186.9658119658125,6092.767295597485,1,,3666.6666666666665,3666.6666666666665,1143.5712032543909
352440205000482,Urbana,0,0.068690477921415,Jacareí,2,,5023.238747553816,5784.001956947163,1,,1865.7407407407409,1865.7407407407409,43.67417567587949
352440205000483,Urbana,0,0.116984254145726,Jacareí,14,3700.0,3400.0,4315.0,4,,2575.0,6420.998632010944,153.86686124080936
352440205000484,Urbana,0,0.091031864333476,Jacareí,0,,,,9,2800.0,1739.1304347826087,3008.4745762711864,98.86648006054673
352440205000485,Urbana,0,0.019496184399587,Jacareí,10,4606.060606060606,4142.628205128205,5262.152777777777,0,,,,512.9208769800022
352440205000486,Urbana,0,0.020380512788609,Jacareí,0,,,,0,,,,0.0
352440205000487,Urbana,0,0.010790429892871,Jacareí,0,,,,0,,,,0.0
352440205000488,Urbana,0,0.01705316223064,Jacareí,7,5000.0,4724.125495852866,5257.227891156463,0,,,,410.481053620827
352440205000489,Urbana,0,0.013210416961579,Jacareí,13,4193.548387096775,3272.7272727272725,5084.576271186441,0,,,,984.0718909788409
352440205000490,Urbana,0,0.093716996378951,Jacareí,0,,,,0,,,,0.0
352440205000491,Urbana,0,0.023416457605807,Jacareí,1,,4895.833333333333,4895.833333333333,2,,7043.193792970507,7711.85985992418,128.11502279730115
352440205000492,Urbana,0,0.194008308180446,Jacareí,1,,6893.939393939394,6893.939393939394,35,5560.0,4646.226415094339,7446.808510638298,185.55906361760862
352440205000493,Urbana,0,0.340331387040601,Jacareí,5,9384.615384615385,8333.333333333334,10153.846153846154,52,6547.800522648084,5836.065573770492,7455.357142857143,167.48381774496747
352440205000494,Urbana,0,0.016443321947786,Jacareí,10,5397.669706180344,5090.277777777777,5870.15503875969,0,,,,608.1496203597986
352440205000495,Urbana,0,0.01163089894321,Jacareí,0,,,,0,,,,0.0
352440205000496,Urbana,0,0.01171705009888,Jacareí,15,5416.666666666667,5224.747474747475,5538.194444444444,0,,,,1280.185701470527
352440205000497,Urbana,0,0.011949808137134,Jacareí,0,,,,0,,,,0.0
352440205000498,Urbana,0,0.12715937715029,Jacareí,29,8860.759493670887,8227.848101265823,9444.444444444443,34,6000.0,5319.237588652482,7157.291666666667,495.4412439873792
352440205000499,Urbana,0,0.126796588909354,Jacareí,0,,,,73,6040.0,4800.0,6714.285714285715,575.7252669642966
352440205000500,Urbana,0,0.169660994565055,Jacareí,0,,,,38,4961.832061068702,3991.2418300653594,5541.666666666667,223.97605352613465
352440205000501,Urbana,0,0.076222079545471,Jacareí,2,,4622.641509433963,6320.754716981131,15,3714.953271028037,3292.3076923076924,4412.175648702594,223.03248745474716
352440205000502,Urbana,0,0.038722312753238,Jacareí,1,,8267.307692307691,8267.307692307691,16,3508.4175084175085,3188.0434782608695,3785.714285714286,439.02336382473544
352440205000503,Urbana,0,0.054160400832629,Jacareí,0,,,,4,,2709.6153846153848,3260.416666666667,73.85469713123311
352440205000504,Urbana,0,0.042373067129809,Jacareí,8,3809.869375907112,3743.6502177068214,4033.653846153846,0,,,,188.7991722546817
352440205000505,Urbana,0,0.117646631553775,Jacareí,0,,,,5,2750.0,2129.032258064516,2750.0,42.500154351759356
352440205000506,Urbana,0,0.045537276168623,Jacareí,0,,,,12,4268.292682926829,3326.9230769230767,5720.7692307692305,263.52037297014436
352440205000507,Urbana,0,0.060092385475728,Jacareí,0,,,,11,3191.5,2649.45987654321,4660.734149054505,183.05147836813745
352440205000508,Urbana,0,0.057754932420993,Jacareí,0,,,,10,2531.0672514619887,2232.707509881423,2903.6935286935286,173.14538483236385
352440205000509,Urbana,0,0.0655668068965,Jacareí,0,,,,15,2884.6153846153848,2192.745803357314,3684.1736694677875,228.77429464695663
352440205000510,Urbana,0,0.034111613363901,Jacareí,0,,,,1,,4311.926605504587,4311.926605504587,29.315529269520315
352440205000511,Urbana,0,0.049427978793661,Jacareí,19,6808.510638297872,6666.666666666667,7446.808510638298,17,2916.6666666666665,2578.9473684210525,3397.435897435897,728.3324319265286
352440205000512,Urbana,0,0.11908794474924,Jacareí,0,,,,11,3878.048780487805,2343.2085932085934,4357.284113381675,92.36871140200108
352440205000513,Urbana,0,0.062821487912315,Jacareí,0,,,,5,4761.9047619047615,3773.5849056603774,5280.0,79.59060133976614
352440205000514,Urbana,0,0.047181054766982,Jacareí,0,,,,3,,3335.9902986701545,5622.814685314685,63.584843849219
352440205000515,Urbana,0,0.05743494119082,Jacareí,0,,,,1,,6526.315789473684,6526.315789473684,17.4110041599526
352440205000516,Urbana,0,0.023638884619511,Jacareí,0,,,,0,,,,0.0
352440205000518,Urbana,0,0.051107327622485,Jacareí,0,,,,5,3090.909090909091,3083.333333333333,4352.941176470588,97.83332904693333
352440205000519,Urbana,0,0.07900189262718,Jacareí,0,,,,7,4411.764705882353,3162.878787878788,4630.676328502415,88.60547218829163
352440205000520,Urbana,0,0.057010785204004,Jacareí,5,4716.981132075472,4422.1875,4716.981132075472,4,,1625.0,3319.6078431372553,157.86486658261126
352440205000521,Urbana,0,0.081476774106369,Jacareí,0,,,,4,,2228.804347826087,2776.1363636363635,49.093745351011904
352440205000522,Urbana,0,0.048242925480588,Jacareí,2,,4589.39393939394,4923.737373737374,2,,1953.4632034632034,2873.3766233766232,82.91371139193292
352440205000523,Urbana,0,0.055961124705905,Jacareí,0,,,,3,,2230.7692307692305,3791.1140583554375,53.60864378201893
352440205000524,Urbana,0,0.047860590084819,Jacareí,5,5272.727272727273,5175.438596491228,5363.636363636364,8,2801.0,2762.5,2928.8419913419916,271.6222256549966
352440205000525,Urbana,0,0.048840637742419,Jacareí,1,,3116.6666666666665,3116.6666666666665,7,4464.285714285715,2346.6666666666665,4889.7058823529405,163.79802496010103
352440205000526,Urbana,0,0.067307260734384,Jacareí,0,,,,7,3905.2631578947367,3421.7391304347825,4147.727272727273,104.00066684669044
352440205000527,Urbana,0,0.0798480766046,Jacareí,0,,,,11,3416.6666666666665,2857.5757575757575,4131.1919504643965,137.76161515412502
352440205000528,Urbana,0,0.06104059183656,Jacareí,3,,4388.888888888889,5001.068376068376,10,3273.8125,2782.80998389694,3863.6363636363635,212.97303333506844
352440205000529,Urbana,0,0.074671019786712,Jacareí,0,,,,4,,1926.4705882352941,2667.8571428571427,53.568305500922264
352440205000530,Urbana,0,0.116792907366606,Jacareí,0,,,,12,4145.888594164457,3674.1071428571427,6181.818181818182,102.74596523513806
352440205000531,Urbana,0,0.108272682768632,Jacareí,0,,,,4,,2788.7529137529136,5121.268656716418,36.94375993756065
352440205000532,Urbana,0,0.506505725647896,Jacareí,0,,,,5,2250.0,2045.4545454545453,2272.7272727272725,9.87155672051734
352440205000533,Urbana,0,0.106377889866056,Jacareí,0,,,,9,3782.051282051282,3291.6666666666665,4062.5,84.60404705650963
352440205000534,Urbana,0,0.041913914510842,Jacareí,0,,,,16,3911.3300492610833,3755.671506352088,4329.249848759831,381.73480541554363
352440205000535,Urbana,0,0.232852849814931,Jacareí,1,,6297.872340425532,6297.872340425532,9,3741.496598639456,2560.2836879432625,4285.714285714285,42.94557703694799
352440205000536,Urbana,0,0.059897590164513,Jacareí,0,,,,3,,1958.4050487664945,3032.7416536374503,50.085487442153955
352440205000537,Urbana,0,0.089394256206696,Jacareí,0,,,,3,,2895.4802259887006,4303.030303030303,33.55920309984399
352440205000538,Urbana,0,0.015380650790558,Jacareí,0,,,,0,,,,0.0
352440205000539,Urbana,0,0.007007205189258,Jacareí,0,,,,0,,,,0.0
352440205000540,Urbana,0,0.013897431551917,Jacareí,0,,,,0,,,,0.0
352440205000541,Urbana,0,0.150771455568792,Jacareí,25,4375.0,4000.0,5652.173913043478,1,,3125.0,3125.0,172.44643491643592
352440205000543,Urbana,0,0.055881844315189,Jacareí,2,,3739.615987460815,4322.296238244515,5,2893.617021276596,2763.157894736842,3071.428571428572,125.26429801633016
352440205000544,Urbana,0,0.062149652898458,Jacareí,1,,3897.959183673469,3897.959183673469,6,1943.8858695652175,1928.2670454545457,2096.273291925466,112.63136113466012
352440205000545,Urbana,0,0.071820664338542,Jacareí,5,3837.2093023255816,3294.1176470588234,4054.054054054054,5,3541.6666666666665,2827.586206896552,3571.428571428572,139.2356934052137
352440205000546,Urbana,0,0.014799481570611,Jacareí,1,,3796.296296296296,3796.296296296296,0,,,,67.5699344756652
352440205000547,Urbana,0,0.011190301118114,Jacareí,0,,,,0,,,,0.0
352440205000548,Urbana,0,0.14875659257193,Jacareí,0,,,,3,,3649.0384615384614,5687.344913151364,20.16717342157038
352440205000549,Urbana,1,0.095657853142964,Jacareí,0,,,,0,,,,0.0
352440205000550,Urbana,0,0.133651176554181,Jacareí,0,,,,1,,2638.8888888888887,2638.8888888888887,7.48216383710329
352440205000551,Urbana,0,0.712371100162507,Jacareí,0,,,,0,,,,0.0
352440205000552,Urbana,0,0.084365839503558,Jacareí,2,,4996.212121212122,5544.191919191919,15,3053.097345132743,2626.2195121951218,3564.8451730418947,201.50335846872065
352440205000553,Urbana,0,0.042650718729134,Jacareí,4,,3735.2941176470586,4317.410966647823,6,3331.210392902408,2863.848039215686,3675.8943120974627,234.46263739441196
352440205000554,Urbana,0,0.072849071908962,Jacareí,11,5962.5,5753.065774804905,6068.713450292398,14,4750.0,2744.333791208791,5300.010714285714,343.1752710760954
352440205000555,Urbana,0,0.033334256670265,Jacareí,3,,4548.076923076923,5270.299145299145,0,,,,89.99750705933921
352440205000556,Urbana,0,0.268811107813426,Jacareí,0,,,,2,,3610.646599777034,3908.8628762541803,7.440168735096104
352440205000557,Urbana,0,0.215420808039528,Jacareí,0,,,,4,,1677.3936170212767,2195.7070707070707,18.56830840252921
352440205000558,Urbana,0,0.04180808720274,Jacareí,7,5157.142857142857,4715.063809523809,7240.919540229885,3,,3470.013630168106,5693.89649570666,239.18817312801204
352440205000559,Urbana,0,0.041024915392839,Jacareí,55,6406.25,5812.311746987952,7125.0,24,4783.490566037735,4254.3859649122805,5922.667757774141,1925.659059708619
352440205000560,Urbana,0,0.050331031617379,Jacareí,3,,3055.5555555555557,4652.482269503546,0,,,,59.605374727986266
352440205000561,Urbana,0,0.01113860625355,Jacareí,10,3704.4513457556936,3244.047619047619,3877.393980848154,1,,3726.5625,3726.5625,987.556230070901
352440205000562,Urbana,0,0.026201279580393,Jacareí,0,,,,0,,,,0.0
352440205000563,Urbana,0,0.023643363179944,Jacareí,71,8243.243243243243,7623.799516908212,9211.611130195808,1,,4823.008849557522,4823.008849557522,3045.2520418531476
352440205000564,Urbana,0,0.111387902052116,Jacareí,0,,,,21,4493.975903614458,3750.0,4850.746268656716,188.53034856671016
352440205000565,Urbana,0,0.104258037029719,Jacareí,0,,,,26,5394.2307692307695,4813.324234028683,5712.740384615385,249.3812538652405
352440205000566,Urbana,0,0.040394023619397,Jacareí,0,,,,8,4010.7758620689656,3183.123230596656,4693.382352941177,198.04909942564973
352440205000567,Urbana,0,0.061463837433754,Jacareí,0,,,,7,3294.1176470588234,3042.2637707120466,4531.2,113.88810546599261
352440205000568,Urbana,0,0.063471096353747,Jacareí,0,,,,2,,3479.1666666666665,3859.722222222222,31.510405757815946
352440205000569,Urbana,0,0.062125583907262,Jacareí,0,,,,3,,2177.197802197802,3431.350626118068,48.28928456396083
352440205000570,Urbana,0,0.139864535070104,Jacareí,0,,,,9,2500.0,2300.0,4368.421052631579,64.34797781645612
352440205000571,Urbana,0,0.133054972205719,Jacareí,0,,,,8,2933.333333333333,2000.005,4386.160714285714,60.125524566124724
352440205000572,Urbana,0,0.020752530000554,Jacareí,0,,,,5,3939.39393939394,3400.0,4666.666666666667,240.93447882578764
352440205000573,Urbana,0,0.020307548875792,Jacareí,0,,,,2,,4291.666666666667,4875.0,98.48554408179405
352440205000574,Urbana,0,0.052315252351548,Jacareí,0,,,,13,3651.6853932584263,3064.516129032258,5297.619047619048,248.49349693742482
352440205000575,Urbana,0,0.051927715519485,Jacareí,0,,,,7,6050.0,4290.484523809524,6434.013605442176,134.8027720836933
352440205000576,Urbana,0,0.124157063942646,Jacareí,0,,,,24,4199.341340565672,3664.620535714286,5206.906392694064,193.3035401923384
352440205000577,Urbana,0,0.080751593568845,Jacareí,0,,,,21,4185.714285714285,3142.3611111111118,4608.695652173913,260.05678738830574
352440205000578,Urbana,0,0.036454688251541,Jacareí,0,,,,15,4382.0224719101125,4088.2838283828387,4755.952380952381,411.46970991765164
352440205000579,Urbana,0,0.050935432683535,Jacareí,0,,,,2,,2108.5164835164833,2369.5054945054944,39.26539728102682
352440205000581,,0,13.116691365674034,Jacareí,0,,,,0,,,,0.0
352440205000582,Rural,0,7.240437798316912,Jacareí,0,,,,0,,,,0.0
352440205000583,Urbana,0,0.076538987686081,Jacareí,0,,,,1,,3010.7526881720432,3010.7526881720432,13.065236818932412
352440205000584,Urbana,0,0.51972148301909,Jacareí,3,,6314.269662921348,8322.592592592591,29,6617.64705882353,5319.148936170212,8241.150442477876,61.57143979138649
352440205000585,Urbana,0,0.018346910089912,Jacareí,18,7544.603033006244,7214.350544574425,7860.169491525424,2,,8928.07486631016,9254.812834224598,1090.1018156183666
352440205000586,Urbana,0,0.009829130255747,Jacareí,13,8888.888888888889,8611.111111111111,9074.074074074077,0,,,,1322.5992190304958
352440205000587,Urbana,0,0.043274589648228,Jacareí,25,5147.073529411765,4545.454545454545,6125.0,1,,2529.4117647058824,2529.4117647058824,600.8144782272856
352440205000588,Urbana,0,0.007656741933147,Jacareí,43,5625.0,5512.5,5960.061443932412,0,,,,5615.965690817864
352440205000589,Urbana,1,0.040265287091815,Jacareí,0,,,,0,,,,0.0
352440205000590,Urbana,0,0.092232984417257,Jacareí,19,8719.512195121952,8333.333333333334,9012.896825396827,15,5911.330049261083,5365.744222483353,7533.653846153846,368.63168003092966
352440205000591,Urbana,0,0.006383489027917,Jacareí,10,8847.659190124945,8400.114155251142,9027.777777777776,0,,,,1566.5414252718008
352440205000592,Urbana,0,0.120785614011794,Jacareí,26,8571.875,7790.441176470588,9281.25,48,5766.968325791855,4989.834152334152,6605.80808080808,612.6557422043187
352440205000593,Urbana,0,0.126232179675881,Jacareí,0,,,,39,5344.827586206897,4710.625,6216.220720720721,308.95450035116266
352440205000594,Urbana,0,0.098459866933771,Jacareí,0,,,,55,5454.545454545455,4788.198757763976,6573.733233979136,558.6032331020286
352440205000595,Urbana,0,0.101028511392447,Jacareí,10,9258.45456262989,8880.41810510165,9472.979552093475,36,5088.945306323243,4495.430107526881,6392.5,455.31701265311335
352440205000596,Urbana,0,0.064138691928959,Jacareí,2,,5112.5,5537.5,9,7888.888888888889,7736.842105263157,8139.53488372093,171.50334172988386
352440205000597,Urbana,0,0.084216149273887,Jacareí,1,,5555.555555555556,5555.555555555556,16,6650.0,6214.5,7678.137651821862,201.86152117585848
352440205000598,Urbana,0,0.1101336128002,Jacareí,45,9692.307692307691,8923.076923076924,10769.23076923077,51,7192.982456140351,5790.809599156119,8000.0,871.6684902924176
352440205000599,Urbana,0,0.007787118918163,Jacareí,1,,9166.666666666666,9166.666666666666,2,,7271.654135338345,7288.646616541353,385.2515970961578
352440205000600,Urbana,0,0.0093650815034,Jacareí,22,8322.916666666668,8153.846153846154,9360.769860769858,0,,,,2349.152005992995
352440205000601,Urbana,0,0.031383218102859,Jacareí,2,,8645.833333333334,8645.833333333334,27,7843.137254901961,6375.0,8510.0,924.0607481664895
352440205000602,Urbana,0,0.062909469264525,Jacareí,1,,8600.0,8600.0,20,7896.568627450981,6854.166666666667,8600.0,333.8130212432426
352440205000603,Urbana,0,0.098806919084777,Jacareí,1,,9250.0,9250.0,18,6776.666666666666,6633.333333333333,7798.085585585585,192.29422570799798
352440205000604,Urbana,0,0.098610718888671,Jacareí,4,,8230.76923076923,9215.241280458671,62,5333.333333333333,4478.371501272264,5987.730061349694,669.2984367603316
352440205000605,Urbana,0,0.138106599079459,Jacareí,2,,6822.377622377622,9012.587412587412,39,5375.0,5002.747252747253,5994.791666666666,296.872128292804
352440205000606,Urbana,0,0.120417082979599,Jacareí,11,8312.5,8092.049319727891,8631.427304964538,45,6400.0,5515.4639175257735,7375.0,465.0502953097402
352440205000607,Urbana,0,0.008880861700604,Jacareí,7,8367.34693877551,7900.092506938021,8500.0,0,,,,788.2118015106485
352440205000609,Urbana,0,0.040892368632447,Jacareí,0,,,,7,3947.368421052632,3550.0,4802.631578947368,171.1810842487047
352440205000610,Urbana,0,1.048284638493008,Jacareí,0,,,,16,5493.75,4230.833333333333,5625.0,15.26303010888461
352440205000611,Urbana,1,0.090472331232529,Jacareí,0,,,,0,,,,0.0
352440205000613,Urbana,1,0.153190097994277,Jacareí,0,,,,0,,,,0.0
352440205000614,Urbana,4,0.212441925873274,Jacareí,0,,,,0,,,,0.0
352440205000615,Urbana,0,0.256130374457647,Jacareí,0,,,,35,6368.571428571428,5586.7665418227225,8227.027027027027,136.649157969304
352440205000616,Urbana,0,0.521174966756655,Jacareí,0,,,,52,5784.21052631579,4947.222222222223,7383.224982586487,99.77455426073763
352440205000617,Urbana,0,0.319916761278388,Jacareí,0,,,,78,6098.412698412698,5000.0,7777.777777777777,243.8134209921101
352440205000618,Urbana,0,0.277178315866662,Jacareí,0,,,,22,6105.263157894737,5150.0,7964.285714285714,79.37128823087016
352440205000619,Urbana,0,0.290824419674529,Jacareí,0,,,,15,7196.428571428572,4740.7348748812165,7588.036860292908,51.57751201493666
352440205000620,Urbana,0,0.391035451585849,Jacareí,0,,,,35,7970.0,7217.335390946502,8838.963963963964,89.5059510795174
352440205000621,Urbana,0,0.036238379381642,Jacareí,0,,,,2,,3310.049019607843,4047.794117647059,55.19010601818414
352440205000622,Urbana,0,0.04057506196555,Jacareí,0,,,,11,3833.3333333333335,3507.4626865671644,4070.402298850575,271.1024818480741
352440205000623,Urbana,0,0.025499216638386,Jacareí,30,5258.902691511387,4782.608695652174,6027.187902187902,7,4453.488372093023,4379.653679653679,4573.170731707318,1451.024967735713
352440205000624,Urbana,0,0.025671779304118,Jacareí,0,,,,16,4751.742424242424,3510.135135135135,5250.0,623.252475430616
352440205000625,Urbana,0,0.109922362232115,Jacareí,12,4246.153846153847,3759.758897818599,4469.470046082949,14,5160.714285714286,3705.246913580247,5250.0,236.53057914728674
352440205000626,Urbana,0,0.012731384918288,Jacareí,3,,3439.393939393939,4237.84355179704,0,,,,235.6381508574648
352440205000627,Urbana,0,0.011351357923775,Jacareí,0,,,,0,,,,0.0
352440205000628,Urbana,0,0.00797707834997,Jacareí,0,,,,0,,,,0.0
352440205000629,Urbana,0,0.130129119467632,Jacareí,0,,,,3,,4258.823529411765,5328.0542986425335,23.054025204145123
352440205000630,Urbana,0,0.011898378030136,Jacareí,0,,,,0,,,,0.0
352440205000631,Urbana,0,0.017747028545461,Jacareí,5,3500.0,3400.0,3500.0,2,,5451.505016722408,5919.732441471572,394.43222746099246
352440205000632,Urbana,0,0.079017189115969,Jacareí,0,,,,2,,2262.9310344827586,2306.034482758621,25.310948445213796
352440205000633,Urbana,0,0.053539528162617,Jacareí,0,,,,20,4960.0,4126.908396946565,5436.942575496792,373.55577619685926
352440205000634,Urbana,0,0.251265913553821,Jacareí,0,,,,36,4283.882783882784,3563.9880952380954,4729.802033172819,143.27450743647654
352440205000635,Urbana,0,0.01342976707422,Jacareí,77,7258.064516129032,6885.245901639344,7868.852459016393,0,,,,5733.5320541642495
352440205000636,Urbana,0,0.00385994796789,Jacareí,0,,,,0,,,,0.0
352440205000637,Urbana,0,0.019393563553969,Jacareí,0,,,,0,,,,0.0
352440205000639,Urbana,0,0.212710858100001,Jacareí,0,,,,0,,,,0.0
352440205000641,Urbana,0,0.043287372178792,Jacareí,0,,,,0,,,,0.0
352440205000643,Urbana,0,0.120698679796157,Jacareí,2,,5196.080882352941,5196.0857843137255,29,3333.333333333333,2995.3917050691243,4400.0,256.8379376837809
352440205000644,Urbana,0,0.109212190887311,Jacareí,0,,,,17,3885.714285714286,3224.0437158469945,4269.662921348315,155.66027805028835
352440205000645,Urbana,0,0.037323508605427,Jacareí,5,5439.56043956044,4666.666666666667,6493.506493506494,7,2928.8702928870293,2922.768479776848,3786.8589743589746,321.5131815944857
352440205000648,Urbana,0,0.842431996429704,Jacareí,11,6406.25,6112.610275038921,6827.403467297085,27,5636.363636363636,4518.900343642612,6781.25,45.10749848183251
352440205000649,Urbana,0,0.112003367301365,Jacareí,4,,3239.626024590164,4183.189655172414,7,2891.5662650602408,2471.829222486541,3322.222222222222,98.21133297182523
352440205000650,Rural,0,3.89301039325473,Jacareí,0,,,,0,,,,0.0
352440205000654,Urbana,0,0.133754877960937,Jacareí,5,4296.875,4296.875,5000.0,9,3131.313131313131,2357.4144486692016,3333.333333333333,104.6690798378859
352440205000656,Urbana,4,0.940720254329864,Jacareí,0,,,,1,,5428.571428571428,5428.571428571428,1.0630152751546365
352440205000659,Rural,0,5.681687802408042,Jacareí,0,,,,0,,,,0.0
352440205000661,Rural,0,4.899017645598057,Jacareí,0,,,,0,,,,0.0
352440205000662,Urbana,0,0.075231468537607,Jacareí,7,6707.317073170731,6041.666666666666,6735.998376623376,10,4415.446386395844,3193.930470134473,4939.7691149406055,225.96926964813898
352440205000664,Urbana,1,0.015763429643227,Jacareí,0,,,,0,,,,0.0
352440205000665,Urbana,0,0.512635721939819,Jacareí,4,,6192.075996292864,6818.305479984454,0,,,,7.802811682463246
352440205000666,Urbana,0,0.031165035406894,Jacareí,0,,,,0,,,,0.0
352440205000667,Urbana,1,0.072564450125862,Jacareí,0,,,,0,,,,0.0
352440205000669,Urbana,4,0.120693553198239,Jacareí,0,,,,0,,,,0.0
352440205000670,Urbana,1,0.035547313261531,Jacareí,0,,,,0,,,,0.0
352440205000672,Rural,0,0.415675702652363,Jacareí,0,,,,0,,,,0.0
352440205000673,Urbana,0,0.398229547251203,Jacareí,0,,,,0,,,,0.0
352440205000674,Urbana,0,0.09648438255644,Jacareí,0,,,,9,2500.0,1720.7792207792209,3533.333333333333,93.27934492129143
352440205000675,Urbana,4,0.429754051793608,Jacareí,0,,,,0,,,,0.0
352440205000676,Urbana,0,0.010856868961505,Jacareí,0,,,,0,,,,0.0
352440205000679,Urbana,0,0.021296869944974,Jacareí,0,,,,3,,3404.1237113402067,4004.1237113402067,140.8657707799916
352440205000680,Urbana,0,0.232563042099201,Jacareí,0,,,,0,,,,0.0
352440205000681,Urbana,0,0.064036946871899,Jacareí,0,,,,0,,,,0.0
352440205000685,Urbana,0,0.078242825270783,Jacareí,25,5000.0,4541.666666666667,5568.181818181818,5,5161.290322580645,2782.608695652174,7142.857142857143,383.42173734365946
352440205000686,Urbana,0,0.023136271886618,Jacareí,1,,6097.5609756097565,6097.5609756097565,6,3609.652127578595,3077.8145695364237,4277.0114942528735,302.55522732030107
352440205000687,Urbana,0,0.266779389298112,Jacareí,0,,,,5,3529.4117647058824,2692.3076923076924,3955.223880597015,18.742077538878995
352440205000688,Urbana,0,0.015987078672481,Jacareí,0,,,,0,,,,0.0
352440205000689,Urbana,0,0.347956672083237,Jacareí,22,5277.22371967655,4213.383838383838,5962.765957446809,19,4098.9010989010985,2595.041322314049,5164.179104477612,117.83076253296308
352440205000690,Urbana,4,0.026244597061011,Jacareí,9,5512.846153846154,5375.0,5641.025641025641,0,,,,342.9277263841253
352440205000691,Urbana,0,0.008894228412231,Jacareí,17,5462.962962962963,5000.0,5925.925925925926,0,,,,1911.351857865743
352440205000692,Urbana,0,0.017111452887632,Jacareí,2,,3788.265306122449,4834.183673469388,2,,4209.73828152046,4307.536522883058,233.7615646238411
352440205000693,Urbana,4,0.002251305035101,Jacareí,5,8983.050847457627,8142.857142857143,9857.142857142857,0,,,,2220.9340458280835
352440205000694,Urbana,4,0.004463305006581,Jacareí,51,7950.0,7624.245472837022,8708.994708994709,0,,,,11426.510158907386
352440205000695,Urbana,0,0.266049285311668,Jacareí,7,7272.727272727273,6284.090909090909,7440.476190476191,95,6807.692307692308,6261.363636363636,7417.989417989418,383.3876113612196
352440205000697,Urbana,0,0.062166292633394,Jacareí,3,,6634.283570892723,8285.676532769556,29,6661.111111111111,5729.166666666667,7333.333333333333,514.7484053570614
352440205000698,Rural,0,18.44545013275125,Jacareí,4,,6380.666049953747,6711.956521739131,4,,2231.010452961673,3219.9440820130476,0.4337112915339167
352440205000699,Urbana,0,0.246539731164732,Jacareí,0,,,,3,,4664.827498731608,4931.506849315068,12.168424074395828
352440205000700,Urbana,0,0.014645458092699,Jacareí,0,,,,1,,2295.0819672131147,2295.0819672131147,68.280554535779
352440205000701,Rural,4,0.346544309552336,Jacareí,0,,,,0,,,,0.0
352440205000702,Urbana,0,0.052589659755815,Jacareí,1,,5263.1578947368425,5263.1578947368425,1,,1520.0,1520.0,38.03028978104111
352440205000703,Rural,0,0.626589463463823,Jacareí,0,,,,0,,,,0.0
352440205000704,Urbana,0,0.036839116053798,Jacareí,1,,3265.30612244898,3265.30612244898,10,2139.5198047180425,2041.8502202643172,2245.5947136563877,298.59565533375314
352440205000705,Rural,0,1.186580125336434,Jacareí,0,,,,1,,2866.6666666666665,2866.6666666666665,0.8427580899490184
352440205000706,Urbana,0,0.03770153801738,Jacareí,0,,,,3,,3433.333333333333,4666.666666666666,79.57235056609713
352440205000707,Rural,0,0.620525997836329,Jacareí,0,,,,0,,,,0.0
352440205000708,Urbana,0,0.232319542207456,Jacareí,0,,,,2,,3426.8600252206807,4639.554434636402,8.608832390923215
352440205000709,Rural,0,3.510588841032549,Jacareí,0,,,,0,,,,0.0
352440205000710,Urbana,0,4.417440965347621,Jacareí,54,7581.334916589434,6858.8709677419365,8137.172854534388,0,,,,12.224272021652379
352440205000711,Urbana,0,2.580845578556114,Jacareí,1,,6363.636363636364,6363.636363636364,1,,9000.0,9000.0,0.7749398168637911
352440205000712,Rural,0,17.45463559173329,Jacareí,0,,,,0,,,,0.0
352440205000713,Rural,0,18.36311526137982,Jacareí,4,,7139.929742388759,7236.20287602021,0,,,,0.21782796345087235
352440205000714,Rural,0,33.17469854493949,Jacareí,0,,,,7,7189.5424836601305,4411.188811188811,7838.0566801619425,0.21100417809426603
352440205000715,Rural,0,1.819191092776207,Jacareí,0,,,,0,,,,0.0
352440205000716,Urbana,0,0.082124642550337,Jacareí,0,,,,0,,,,0.0
352440205000717,Urbana,0,0.144407926311935,Jacareí,0,,,,19,3153.846153846154,2634.8039215686276,3699.8175182481755,131.57172521789542
352440205000718,Urbana,0,0.429821035767099,Jacareí,0,,,,9,3700.0,2980.0,5739.130434782609,20.93894726194067
352440205000719,Rural,0,1.478902176065515,Jacareí,0,,,,4,,3258.116883116883,5266.612593126652,2.704708982606028
352440205000720,Urbana,0,0.598438279988701,Jacareí,0,,,,0,,,,0.0
352440205000721,Rural,0,1.972903989849893,Jacareí,0,,,,1,,3070.1754385964914,3070.1754385964914,0.506867037192258
352440205000722,Urbana,0,1.107321490428253,Jacareí,0,,,,16,5200.0,3925.0,6128.4119106699745,14.449281566649676
352440205000723,Rural,0,6.938426280776839,Jacareí,0,,,,1,,4553.846153846154,4553.846153846154,0.14412490088286103
352440205000724,Rural,0,18.484442601730784,Jacareí,0,,,,2,,3083.333333333333,3250.0,0.10819909710519109
352440205000725,Rural,0,6.153871152858668,Jacareí,0,,,,1,,2527.075812274368,2527.075812274368,0.16249933987250748
352440205000726,Urbana,0,0.074716875217128,Jacareí,1,,5370.37037037037,5370.37037037037,8,2947.4050853361196,2452.6143790849674,3050.0,120.45471620495248
352440205000727,Rural,0,6.82075906643832,Jacareí,0,,,,4,,4666.666666666666,6668.75,0.5864449925642556
352440207000001,Urbana,0,0.13804474246038,Parque Meia Lua,0,,,,5,4000.0,3666.6666666666665,4285.714285714285,36.22014073759485
352440207000002,Urbana,0,0.054918878143906,Parque Meia Lua,0,,,,1,,4300.0,4300.0,18.208674936506576
352440207000003,Urbana,0,0.066918466989905,Parque Meia Lua,0,,,,0,,,,0.0
352440207000004,Urbana,0,0.047300917203505,Parque Meia Lua,0,,,,0,,,,0.0
352440207000005,Urbana,0,0.068519762360229,Parque Meia Lua,0,,,,0,,,,0.0
352440207000006,Urbana,0,0.051814236728908,Parque Meia Lua,0,,,,1,,2049.723756906077,2049.723756906077,19.2997149650587
352440207000007,Urbana,0,0.078374906716159,Parque Meia Lua,0,,,,1,,4688.0,4688.0,12.7591858402024
352440207000008,Urbana,0,0.06996318346532,Parque Meia Lua,0,,,,4,,3287.242107140734,3725.0,57.1729272722811
352440207000009,Urbana,0,0.062617551770518,Parque Meia Lua,0,,,,1,,4268.292682926829,4268.292682926829,15.969963240735106
352440207000012,Urbana,0,0.022542841399927,Parque Meia Lua,0,,,,0,,,,0.0
352440207000018,Urbana,0,0.044620215042087,Parque Meia Lua,0,,,,0,,,,0.0
352440207000023,Urbana,0,0.045276462066209,Parque Meia Lua,0,,,,5,2857.1428571428573,2678.5714285714284,2997.737556561086,110.43265687783564
352440207000024,Urbana,0,0.270610061850852,Parque Meia Lua,9,7272.727272727273,6355.555555555556,7631.578947368421,0,,,,33.25818684805738
352440207000025,Urbana,0,0.062936628618818,Parque Meia Lua,0,,,,1,,2474.226804123711,2474.226804123711,15.888998536235555
352440207000026,Urbana,0,0.047405931232429,Parque Meia Lua,0,,,,0,,,,0.0
352440207000027,Urbana,1,0.03140037267977,Parque Meia Lua,0,,,,0,,,,0.0
352440207000028,Urbana,1,0.02679258313259,Parque Meia Lua,0,,,,0,,,,0.0
352440207000032,Rural,0,6.526880718157869,Parque Meia Lua,0,,,,0,,,,0.0
352440210000001,Urbana,0,0.10018524085624,São Silvestre de Jacareí,0,,,,3,,2236.842105263158,2538.3435582822085,29.944530495313433
352440210000002,Urbana,0,0.068938897029981,São Silvestre de Jacareí,0,,,,3,,3010.2040816326535,3881.6326530612246,43.516797181935225
352440210000003,Urbana,0,0.091065536287575,São Silvestre de Jacareí,0,,,,1,,1944.4444444444443,1944.4444444444443,10.981102629672211
352440210000005,Urbana,0,0.221218113094839,São Silvestre de Jacareí,0,,,,4,,1758.0984484265734,6038.024475524476,18.0817020091169
352440210000021,Urbana,0,0.054684652459341,São Silvestre de Jacareí,0,,,,0,,,,0.0
352440210000025,Rural,0,2.386460895491737,São Silvestre de Jacareí,0,,,,0,,,,0.0
352440210000027,Urbana,0,0.581092529159539,São Silvestre de Jacareí,0,,,,0,,,,0.0
352440210000038,Urbana,0,0.027099816390047,São Silvestre de Jacareí,0,,,,0,,,,0.0
352440210000049,Urbana,0,0.492982139021643,São Silvestre de Jacareí,0,,,,0,,,,0.0
352440210000050,Urbana,0,0.20709883762436,São Silvestre de Jacareí,0,,,,3,,3878.787878787879,5280.30303030303,14.485836977228525
352440210000052,Rural,0,19.573422372563726,São Silvestre de Jacareí,0,,,,0,,,,0.0
352440210000053,Rural,0,4.264984529341342,São Silvestre de Jacareí,0,,,,0,,,,0.0
352440210000054,Rural,0,5.563388886008958,São Silvestre de Jacareí,0,,,,1,,2058.823529411765,2058.823529411765,0.17974655744717785
352440210000055,Rural,0,3.7164651587365,São Silvestre de Jacareí,0,,,,0,,,,0.0
352440210000056,Rural,0,4.799061921016928,São Silvestre de Jacareí,0,,,,0,,,,0.0
352440210000057,Urbana,4,0.764972800193346,São Silvestre de Jacareí,1,,2244.705882352941,2244.705882352941,0,,,,1.3072360216562617
352440210000058,Urbana,0,0.014392548720082,São Silvestre de Jacareí,0,,,,0,,,,0.0
352440210000059,Urbana,0,0.025281116684212,São Silvestre de Jacareí,0,,,,0,,,,0.0
352440210000060,Urbana,0,2.036882930898676,São Silvestre de Jacareí,0,,,,31,5833.333333333333,4245.710429920957,7147.6510067114095,15.219333192763687
352440210000061,Urbana,0,2.631238162880242,São Silvestre de Jacareí,0,,,,5,6984.126984126984,5000.0,7084.4686648501365,1.9002460782671347
352440210000062,Urbana,0,0.091226539906959,São Silvestre de Jacareí,0,,,,4,,1999.6428571428573,2390.625,43.84688933811979
352440210000063,Urbana,0,0.082220223702802,São Silvestre de Jacareí,0,,,,12,2947.0403146509343,2347.590953785644,3914.1949152542375,145.94949344063934
352440210000064,Urbana,0,4.720641459663526,São Silvestre de Jacareí,0,,,,16,5300.0,4888.888888888889,5581.761006289308,3.3893698847318166
352440210000065,Urbana,1,0.118975964015489,São Silvestre de Jacareí,0,,,,0,,,,0.0
352440210000067,Urbana,0,0.068041011710543,São Silvestre de Jacareí,0,,,,4,,2448.4265734265728,2675.0,58.7880735374221
352440210000068,Urbana,0,0.066406408826746,São Silvestre de Jacareí,0,,,,14,3773.7195121951218,2825.018477457502,4534.333881578947,210.82302517707186
352440210000069,Rural,0,4.942236768117246,São Silvestre de Jacareí,0,,,,10,4496.712689020382,4268.018018018018,5207.876712328767,2.0233753397875995
352440210000070,Urbana,0,0.660747303651276,São Silvestre de Jacareí,0,,,,0,,,,0.0
352440210000071,Rural,0,0.985500910015717,São Silvestre de Jacareí,0,,,,0,,,,0.0
