lag (SJC em t x nacional em t-k),corr. var. mensal (nao estacionaria),corr. estacionaria (d2),n (estacionaria)
-6,0.46055271077899784,0.22683576183231274,96
-5,0.4660186251182941,0.0235935946293124,97
-4,0.46604683659680063,0.010991085075140735,98
-3,0.4675754924681439,0.017599302997824105,99
-2,0.4647326072453772,-0.01731570285161898,100
-1,0.4658460635261796,0.046198770938196194,101
0,0.4506675720821107,0.020609483828760978,102
1,0.43044998838289245,0.12724234235478116,101
2,0.3762969734352872,-0.1567660903787506,100
3,0.355435984308899,-0.07004456245582352,99
4,0.348281275887376,-0.16393238463370027,98
5,0.38990549985293393,0.08660508800273382,97
6,0.4090905571754345,-0.07086303643780169,96
