segmento,neighborhood,n,preco_m2 mediana
apartamento,Jardim Califórnia,685,7191.011235955056
apartamento,Loteamento Villa Branca,402,8659.756097560974
apartamento,Centro,318,6111.111111111111
apartamento,Pagador de Andrade,316,7247.3014888337475
apartamento,Vila Machado,150,5568.13524590164
apartamento,Jardim Pereira do Amparo,149,6625.0
apartamento,Jardim Paraíso,146,5045.58988764045
apartamento,Jardim das Indústrias,141,5485.436893203883
apartamento,Vila Aprazível,140,7722.772277227723
apartamento,Parque Santo Antônio,124,5547.008547008547
apartamento,Jardim Santa Maria,120,5614.035087719299
apartamento,Vila Nova Aliança,116,5601.966873706004
casa,Loteamento Villa Branca,1211,5748.0
casa,Jardim Santa Maria,542,4416.989942528735
casa,Centro,489,3398.0582524271845
casa,Condomínio Residencial Mirante do Vale,398,6118.055555555556
casa,Jardim Jacinto,379,6408.695652173913
casa,Residencial Santa Paula,285,4285.714285714285
casa,Cidade Jardim,274,3636.363636363637
casa,Jardim Califórnia,272,4896.808510638298
casa,Residencial Parque dos Sinos,269,4500.0
casa,Vila Zezé,251,4142.857142857143
casa,Cidade Salvador,239,3473.053892215569
casa,Condomínio Vem Viver Jacareí,221,7970.0
