trimestre de criacao,n (apartamento),n (casa),mediana preco_m2 (apartamento),mediana preco_m2 (casa)
2022Q1,2,31,5910.0,4380.165289256199
2022Q2,20,131,5434.065934065934,3262.5
2022Q3,9,44,7605.633802816901,4680.514705882353
2022Q4,10,54,6421.171171171171,4153.358938076949
2023Q1,11,55,5687.5,3809.5238095238096
2023Q2,17,145,5463.917525773196,4561.403508771929
2023Q3,32,157,5266.233766233766,3888.8888888888887
2023Q4,29,160,5217.391304347826,3951.3400988810827
2024Q1,35,176,5757.281553398058,4325.0
2024Q2,62,271,5960.526315789474,4250.0
2024Q3,97,327,5562.5,4649.122807017544
2024Q4,108,328,6094.235033259423,4625.350140056023
2025Q1,333,993,6071.428571428572,3947.368421052632
2025Q2,288,708,6436.507936507936,4888.668975754577
2025Q3,532,1415,6418.809617918314,4180.327868852459
2025Q4,602,1587,6175.043975203409,4470.588235294118
2026Q1,1788,3591,6182.917052214144,4492.1875
