segmento,variavel,n,Spearman com preco_m2,p
apartamento,latitude,1908,0.4560946734007543,1.189383787192091e-98
apartamento,suites,3369,0.3193689747119251,9.470962278455268e-81
apartamento,banheiros,3992,0.2550929949314107,2.484373327879822e-60
apartamento,vagas,3894,0.25256571593714544,9.902134548202909e-58
apartamento,n. comodidades,3992,0.22752285694751412,4.878718607692604e-48
apartamento,condominio,3763,0.16530189908139417,1.8431635565420562e-24
apartamento,area util,3992,0.1092471150444993,4.4833023555495065e-12
apartamento,quartos,3992,0.10890930555296037,5.218086409048211e-12
apartamento,longitude,1908,0.10880723039479132,1.8997495264242554e-06
apartamento,IPTU anual,2832,0.05327102581199585,0.004573087776150702
casa,condominio,6553,0.510934074705601,0.0
casa,casa em condominio,10254,0.43558578438005485,0.0
casa,latitude,4974,0.35676219976945345,3.2859173620279857e-149
casa,n. comodidades,10254,0.35588178839231327,7.43996355994694e-304
casa,suites,8915,0.29937566277385197,5.174890582716416e-184
casa,banheiros,10254,0.25824930019339976,6.765720022945355e-156
casa,vagas,9852,0.2280206877257668,2.1994406070474105e-116
casa,longitude,4974,0.1779184625347913,1.179473285697912e-36
casa,quartos,10254,0.1606826298561113,2.8579563533663057e-60
casa,IPTU anual,6972,0.15148215311322719,4.594459158502881e-37
casa,area util,10254,-0.0314302921141449,0.001457104393790227
