"ordem (p,d,q)",p,q,AIC,BIC
"(0,2,3)",0,3,-787.0666702824907,-777.4397932934337
"(3,2,0)",3,0,-785.3809632838755,-775.7540862948185
"(0,2,0)",0,0,-784.7191358086551,-782.3124165613908
"(1,2,0)",1,0,-784.3571492565197,-779.5437107619912
"(0,2,1)",0,1,-784.3049283263655,-779.4914898318369
"(2,2,0)",2,0,-784.1176509620519,-776.8974932202592
"(2,2,3)",2,3,-784.0930000792071,-769.6526845956215
"(3,2,1)",3,1,-783.411349118646,-771.3777528823247
"(0,2,2)",0,2,-783.100380525767,-775.8802227839743
"(3,2,3)",3,3,-782.8259680809983,-765.9789333501485
"(1,2,3)",1,3,-782.256111564661,-770.2225153283397
"(1,2,2)",1,2,-781.6954175406931,-772.0685405516361
"(3,2,2)",3,2,-780.8162412941102,-766.3759258105247
"(1,2,1)",1,1,-780.3239205135435,-773.1037627717508
"(2,2,2)",2,2,-778.8679194369845,-766.8343232006632
"(2,2,1)",2,1,-778.7193400602491,-769.0924630711921
