h (meses),modelo,n origens,RMSE,MAE,MAPE (%),R2 da variacao,RMSE relativo ao ingenuo
1,arima,44,33.810344596894666,24.987910093296602,0.3158480891039749,0.4112357367326759,0.4281588869774945
1,ingenuo (ultimo valor),44,78.96681728498574,67.19370264648934,0.8279931802084621,-2.0548400914026703,1.0
1,tendencia (crescimento medio de 12 meses),44,48.49583651480797,36.16107573697013,0.4582327940261417,-0.19955610694398596,0.6141293037022105
1,tendencia (ultimo crescimento),44,36.66668498604756,27.017286440755594,0.340058633803313,0.3242470434538507,0.4643302876665277
3,arima,42,130.57604735218695,95.40031719266946,1.192514331797855,-0.3298643340308236,0.5775630057279167
3,ingenuo (ultimo valor),42,226.08104407175244,198.06255821854688,2.4092334989355284,-2.8175021477994497,1.0
3,tendencia (crescimento medio de 12 meses),42,132.4382195257223,100.50640680011335,1.2644963030536753,-0.35001467412369935,0.5857997518964471
3,tendencia (ultimo crescimento),42,144.96644223015957,104.59240400308111,1.3081346974330827,-0.6035666742420784,0.6412144937907791
6,arima,39,283.31285754505865,223.26830824521392,2.77575209791532,-2.0099047264205354,0.6863091316273886
6,ingenuo (ultimo valor),39,412.8064810579776,381.8439323157669,4.579836710535423,-5.171093190288104,1.0
6,tendencia (crescimento medio de 12 meses),39,217.990989955269,176.90973208270867,2.190514856533337,-0.7357849248905051,0.528070657700388
6,tendencia (ultimo crescimento),39,333.6535914262954,254.8085026490828,3.1598244307544285,-3.0551287859306777,0.808256669253782
12,arima,33,533.1009869021944,454.9980978143702,5.455278022400107,-11.881645673211166,0.696277104896073
12,ingenuo (ultimo valor),33,765.6448605785561,754.4126723150686,8.86418736372651,-27.65252824624499,1.0
12,tendencia (crescimento medio de 12 meses),33,322.7786087706922,290.0550833414198,3.446461710302434,-3.6622493659783206,0.4215774511002216
12,tendencia (ultimo crescimento),33,742.0111450060417,562.7861696950404,6.7555702205611965,-22.55388653399014,0.9691322742574728
