mes de referencia,previsao,limite inferior (95%),limite superior (95%)
2026-09-01,3604.750467545806,3580.155552167873,3629.51434481761
2026-10-01,3624.985869504711,3575.975971425175,3674.667463962791
2026-11-01,3643.3916659682272,3568.263631098778,3720.1014846425933
2026-12-01,3660.0510613940637,3557.3718257799997,3765.6940089681434
2027-01-01,3675.0479627195373,3543.894867423938,3811.0547952305747
2027-02-01,3688.4664404062983,3528.365116992113,3855.832441060243
2027-03-01,3700.3902422020215,3511.233188555992,3899.7375592178164
2027-04-01,3710.902358400029,3492.8777380392253,3942.5360251256093
2027-05-01,3720.084636891909,3473.6173257742903,3984.0398085745974
2027-06-01,3728.017445919505,3453.720493185787,4024.0992589010193
2027-07-01,3734.779382130786,3433.4138670000348,4062.5970458309075
2027-08-01,3740.447021322908,3412.888665400647,4099.4434014685285
