h (meses),contra,estatistica DM,p (bilateral),n
1,ingenuo (ultimo valor),-3.4262296893412234,0.0008051126338503842,140
1,tendencia (crescimento medio de 12 meses),-1.3748684382505005,0.17138441965400802,140
1,tendencia (ultimo crescimento),-2.139724569957461,0.03412353125609163,140
3,ingenuo (ultimo valor),-1.9710213448869318,0.05073684518168635,138
3,tendencia (crescimento medio de 12 meses),-0.1500148957340004,0.8809734939154688,138
3,tendencia (ultimo crescimento),-4.081056802766119,7.576374602689019e-05,138
6,ingenuo (ultimo valor),-0.8539591150545679,0.39465167577315147,135
6,tendencia (crescimento medio de 12 meses),0.9565925276364426,0.3404956024274494,135
6,tendencia (ultimo crescimento),-3.955298323747143,0.000123273602481431,135
12,ingenuo (ultimo valor),-1.2483980084885313,0.2141639721840294,129
12,tendencia (crescimento medio de 12 meses),-0.8419794423018682,0.40136984909554285,129
12,tendencia (ultimo crescimento),-3.6728226852843373,0.00035118418525379683,129
