cidade,n,maior |r| (lag 1-6),lag do maior |r|,menor p (Granger),lag do menor p
Salvador,191,0.16329524536262116,3,0.0004165116452308794,3
Guarulhos,163,0.2191484744526045,1,0.0009541141564146748,6
Niterói,175,0.2345815554291411,1,0.0016513835990796962,2
João Pessoa,102,0.2951044809465915,2,0.0028555406494049033,2
Londrina,102,0.24530319470833636,1,0.003754088331503533,5
Curitiba,169,0.1598733389760012,5,0.0072466411544185195,6
São Paulo,222,0.18744187232224063,2,0.009151873664856338,2
Recife,193,0.20908567088996427,4,0.009329536554694567,1
Osasco,163,0.16258648895277128,6,0.01083156472906028,6
Joinville,102,0.29453098684485,4,0.010902914684522154,1
Campo Grande,102,0.22358906224078962,1,0.026016104543271218,1
Goiânia,151,0.16437060929037925,1,0.02765760079871179,2
São Vicente,163,0.2437635454837768,3,0.03332122891113868,5
Santa Maria,102,0.24340716044559252,6,0.06410563437401072,1
Diadema,102,0.17395380707153352,6,0.07972412526929575,6
Canoas,102,0.2360860093329373,3,0.08050679140093486,3
Belo Horizonte,207,0.13611345761264276,6,0.15304526565675816,1
Florianópolis,169,0.09578503542753357,6,0.1531595933279437,6
São Leopoldo,102,0.3214865415323344,6,0.15423331901943552,6
São Caetano do Sul,175,0.08279698220821298,1,0.1603525600047979,6
Rio de Janeiro,222,0.11531911939665791,1,0.166353394689161,1
Manaus,102,0.1868738317243279,4,0.1681490009365694,4
Fortaleza,196,0.10588697421983287,5,0.19698667328914676,5
Brasília,191,0.14781890586351865,3,0.21507466229637456,5
Porto Alegre,169,0.11584814484870079,4,0.22524653240849934,4
Novo Hamburgo,102,0.118175342818479,1,0.23224596683667875,1
São José,102,0.15703956317977505,4,0.25067844710663745,4
Vila Velha,169,0.06917407021329178,1,0.2793074069070952,4
Barueri,102,0.14545160041561547,4,0.2794062073471549,4
Betim,102,0.10988986796907133,1,0.2838385055091416,1
São José dos Pinhais,102,0.14242963147128357,2,0.2873466850302103,5
Contagem,151,0.10192099469621949,6,0.2989182025133195,6
Santos,163,0.14184429478131724,3,0.3048055810805279,1
São Bernardo do Campo,175,0.09091129649210854,5,0.3195260785332649,6
Campinas,163,0.17032591880537562,3,0.3278235963950296,5
Jaboatão dos Guararapes,102,0.17291447581094616,6,0.3599589412724138,6
Blumenau,102,0.14516249412765622,6,0.38789043192688716,4
Itajaí,102,0.18085344299712403,5,0.39984609093342377,1
Guarujá,163,0.12867414103098637,6,0.4238915870284865,1
Maceió,102,0.1450592477610875,5,0.4978075636096857,1
Ribeirão Preto,102,0.12593262751409856,5,0.5144503019787906,1
Itapema,102,0.05361681218314427,1,0.5946019820728967,1
Caxias do Sul,102,0.11543947458546276,6,0.6031016068760614,5
Pelotas,102,0.11894521887416533,4,0.635500817619953,1
Praia Grande,163,0.12349698623548945,4,0.6435456126556452,1
Vitória,169,0.07358080502437969,3,0.7019004689415482,3
Balneário Camboriú,102,0.07955103765845678,2,0.7635034057730543,2
São José do Rio Preto,102,0.10809009199936374,6,0.7901851373429001,6
Santo André,175,0.08407059193246111,6,0.7992042345424281,6
