modelo,contra,h (meses),estatistica DM,p (bilateral),n
Tendencia (12 meses),"ARIMA(0,2,3)",1,4.863608540696688,3.078156757317334e-06,140
Combinacao ARIMA + tendencia,"ARIMA(0,2,3)",1,2.1039180586867063,0.037186565001908596,140
ARIMAX credito,"ARIMA(0,2,3)",1,-1.2445319306593898,0.21557780354425835,129
ARIMAX juros e confianca,"ARIMA(0,2,3)",1,0.16132122046618871,0.8720947607840253,129
ARIMAX credito + juros + confianca + IBC-Br,"ARIMA(0,2,3)",1,0.19313526997694688,0.8471591548455331,129
Tendencia (12 meses),"ARIMA(0,2,3)",3,2.792795097841286,0.005973585552751947,138
Combinacao ARIMA + tendencia,"ARIMA(0,2,3)",3,1.3247024683406496,0.1874752828291139,138
ARIMAX credito,"ARIMA(0,2,3)",3,-0.02183915778348755,0.9826102662193389,129
ARIMAX juros e confianca,"ARIMA(0,2,3)",3,0.5702943752637506,0.5694777635623343,129
ARIMAX credito + juros + confianca + IBC-Br,"ARIMA(0,2,3)",3,0.9973451080977733,0.32047871580505227,129
Tendencia (12 meses),"ARIMA(0,2,3)",6,1.8428717236434309,0.06755761375677086,135
Combinacao ARIMA + tendencia,"ARIMA(0,2,3)",6,0.910837633204169,0.36401649888929616,135
ARIMAX credito,"ARIMA(0,2,3)",6,0.393358512137428,0.694709125117225,129
ARIMAX juros e confianca,"ARIMA(0,2,3)",6,0.9077738960781856,0.36570358650924195,129
ARIMAX credito + juros + confianca + IBC-Br,"ARIMA(0,2,3)",6,1.3645686753642492,0.1747828035357466,129
Tendencia (12 meses),"ARIMA(0,2,3)",12,1.4282183569779499,0.15566449721149833,129
Combinacao ARIMA + tendencia,"ARIMA(0,2,3)",12,0.8562510761866327,0.3934590258219573,129
ARIMAX credito,"ARIMA(0,2,3)",12,0.29021323634506274,0.7721227460559572,129
ARIMAX juros e confianca,"ARIMA(0,2,3)",12,0.8388364033552841,0.40312494274903266,129
ARIMAX credito + juros + confianca + IBC-Br,"ARIMA(0,2,3)",12,1.2437250555191741,0.21587373522431846,129
