modelo,contra,h (meses),estatistica DM,p (bilateral)
Tendencia (12 meses),"ARIMA(0,2,3)",1,2.000087903520661,0.0518321813653303
Tendencia (12 meses),"ARIMA(0,2,3)",3,0.04795913501217851,0.9619816720917019
Tendencia (12 meses),"ARIMA(0,2,3)",6,-1.375123836812124,0.1771468129771639
Tendencia (12 meses),"ARIMA(0,2,3)",12,-1.2140021133625587,0.233630842769699
LSTM controle (so o alvo),"ARIMA(0,2,3)",1,1.421075692127039,0.16250661066756478
LSTM controle (so o alvo),"ARIMA(0,2,3)",3,-0.6998305456868961,0.4879851504651271
LSTM controle (so o alvo),"ARIMA(0,2,3)",6,-1.7294162448116748,0.09185150301691436
LSTM controle (so o alvo),"ARIMA(0,2,3)",12,-1.6645589762031596,0.105764027892958
LSTM painel (todas as cidades),"ARIMA(0,2,3)",1,0.4024306107145597,0.6893607871684416
LSTM painel (todas as cidades),"ARIMA(0,2,3)",3,-0.44210039803283013,0.6607398903593809
LSTM painel (todas as cidades),"ARIMA(0,2,3)",6,-1.8381925036648303,0.07386071033006666
LSTM painel (todas as cidades),"ARIMA(0,2,3)",12,-1.6239366846710657,0.11420060296978435
LSTM painel (10 mais parecidas),"ARIMA(0,2,3)",1,1.3459492314604122,0.18537257113569794
LSTM painel (10 mais parecidas),"ARIMA(0,2,3)",3,-0.48165312880608024,0.6326134026488324
LSTM painel (10 mais parecidas),"ARIMA(0,2,3)",6,-1.7532574221042454,0.08762222660614509
LSTM painel (10 mais parecidas),"ARIMA(0,2,3)",12,-1.722771937891656,0.09458248736597163
LSTM painel ponderado por semelhanca,"ARIMA(0,2,3)",1,0.9888191313352672,0.32828337095255056
LSTM painel ponderado por semelhanca,"ARIMA(0,2,3)",3,-0.5270849027446612,0.6009751844901401
LSTM painel ponderado por semelhanca,"ARIMA(0,2,3)",6,-1.9462119325923852,0.05905152994746454
LSTM painel ponderado por semelhanca,"ARIMA(0,2,3)",12,-1.687336602037391,0.10126439105432201
GB global (todas as cidades),"ARIMA(0,2,3)",1,0.016856770368378033,0.9866288535258078
GB global (todas as cidades),"ARIMA(0,2,3)",3,-0.7489240206607021,0.45817831566010986
GB global (todas as cidades),"ARIMA(0,2,3)",6,-1.8620687044735993,0.07033988109626804
GB global (todas as cidades),"ARIMA(0,2,3)",12,-1.6283332600909637,0.113261507434362
GB global (10 mais parecidas),"ARIMA(0,2,3)",1,0.19699785132093683,0.8447574284148672
GB global (10 mais parecidas),"ARIMA(0,2,3)",3,-0.5211404538412745,0.6050725356646423
GB global (10 mais parecidas),"ARIMA(0,2,3)",6,-1.2477236753897043,0.21976668386209694
GB global (10 mais parecidas),"ARIMA(0,2,3)",12,-1.45613966387925,0.15509623272762374
LSTM painel (todas as cidades),LSTM controle (so o alvo),1,-1.7786183208581678,0.08237292111012298
LSTM painel (todas as cidades),LSTM controle (so o alvo),3,0.5787026873419763,0.5659555483612908
LSTM painel (todas as cidades),LSTM controle (so o alvo),6,1.12741403937029,0.2666361964218244
LSTM painel (todas as cidades),LSTM controle (so o alvo),12,0.8131095239503834,0.4221640383959054
LSTM painel (10 mais parecidas),LSTM controle (so o alvo),1,-0.7486935216228399,0.4581179102188162
LSTM painel (10 mais parecidas),LSTM controle (so o alvo),3,0.7236117917609582,0.47341264335244837
LSTM painel (10 mais parecidas),LSTM controle (so o alvo),6,1.2480952695160712,0.2196320924448229
LSTM painel (10 mais parecidas),LSTM controle (so o alvo),12,0.9487537308677491,0.3498564327319253
LSTM painel ponderado por semelhanca,LSTM controle (so o alvo),1,-1.3890341954174035,0.17197467516419165
LSTM painel ponderado por semelhanca,LSTM controle (so o alvo),3,0.6117606850772804,0.5440737561606767
LSTM painel ponderado por semelhanca,LSTM controle (so o alvo),6,1.412354879013116,0.16598322986313996
LSTM painel ponderado por semelhanca,LSTM controle (so o alvo),12,1.2868583721020461,0.2073751778830334
