h (meses),modelo,n origens,MAPE (%),RMSE,RMSE relativo ao ARIMA
1,"ARIMA(0,2,3)",44,0.3158480891039749,33.810344596894666,1.0
1,Tendencia (12 meses),44,0.4582327940261417,48.49583651480797,1.4343490754975063
1,LSTM controle (so o alvo),44,0.4067169266834726,43.686754053232036,1.2921120613850376
1,LSTM painel (todas as cidades),44,0.33368933534360745,35.12295385845134,1.0388227117234774
1,LSTM painel (10 mais parecidas),44,0.3905195495356506,41.767221545922666,1.2353385345193673
1,LSTM painel ponderado por semelhanca,44,0.36273931935467063,38.84758553811102,1.1489851996858678
1,GB global (todas as cidades),44,0.335028212971726,33.85321121483052,1.0012678551031329
1,GB global (10 mais parecidas),44,0.3516787481481845,35.40199927828231,1.0470759674402677
3,"ARIMA(0,2,3)",42,1.192514331797855,130.57604735218695,1.0
3,Tendencia (12 meses),42,1.2644963030536753,132.4382195257223,1.0142612080185942
3,LSTM controle (so o alvo),42,1.1263187354075517,116.0771226738121,0.8889618350962282
3,LSTM painel (todas as cidades),42,1.128362217238858,125.45141938198499,0.9607536904806138
3,LSTM painel (10 mais parecidas),42,1.1476421247735413,124.28397423323638,0.9518129607493806
3,LSTM painel ponderado por semelhanca,42,1.1623426112429873,125.65918969748282,0.9623448729349076
3,GB global (todas as cidades),42,1.1345669696975444,114.67878493583903,0.8782528439272621
3,GB global (10 mais parecidas),42,1.1861489260941565,118.14085933036364,0.9047666989927841
6,"ARIMA(0,2,3)",39,2.77575209791532,283.31285754505865,1.0
6,Tendencia (12 meses),39,2.190514856533337,217.990989955269,0.7694355697238318
6,LSTM controle (so o alvo),39,1.88956875105268,183.54780969143584,0.6478626183149631
6,LSTM painel (todas as cidades),39,2.211501941839822,235.21008227226395,0.8302132289737527
6,LSTM painel (10 mais parecidas),39,2.0367326563243493,212.6543074243425,0.7505988583328645
6,LSTM painel ponderado por semelhanca,39,2.2618700412547965,231.48452880220952,0.8170632664117398
6,GB global (todas as cidades),39,1.9466964681933139,204.01355439670533,0.7200998788565698
6,GB global (10 mais parecidas),39,2.0784816026246142,219.44774103298886,0.774577415704077
12,"ARIMA(0,2,3)",33,5.455278022400107,533.1009869021944,1.0
12,Tendencia (12 meses),33,3.446461710302434,322.7786087706922,0.6054736657801589
12,LSTM controle (so o alvo),33,2.1335904235444656,238.2773025398666,0.4469646622199599
12,LSTM painel (todas as cidades),33,3.2671340073174093,307.3103040023409,0.5764579536573278
12,LSTM painel (10 mais parecidas),33,2.4707566112409305,301.4576238281842,0.5654793955267826
12,LSTM painel ponderado por semelhanca,33,3.2476167837495677,314.5497817522116,0.5900378905318375
12,GB global (todas as cidades),33,2.5026765033743636,248.06561202762046,0.46532574150558065
12,GB global (10 mais parecidas),33,2.8629711392013637,287.3364794299137,0.5389907099958717
