CD_SETOR,SITUACAO,AREA_KM2,pessoas,domicilios,moradores_por_domicilio_ocupado,domicilios_ocupados,domicilios_uso_ocasional,domicilios_vagos,responsaveis,renda_responsavel_media,renda_responsavel_mediana
352440205000001,Urbana,0.1395169,211,145,2.2,98,3,43,98,3312.06,2500.0
352440205000004,Urbana,0.1147056,382,252,2.2,171,7,74,171,3512.42,2500.0
352440205000005,Urbana,0.1257424,196,135,2.2,91,5,35,91,2125.59,1700.0
352440205000007,Urbana,0.0782457,566,267,2.5,226,7,33,226,3196.5,2500.0
352440205000008,Urbana,0.0384836,261,128,2.6,99,4,24,99,4696.56,2900.0
352440205000009,Urbana,0.1213832,311,215,1.9,167,6,42,167,4511.8,3500.0
352440205000010,Urbana,0.218813,219,159,2.3,97,2,54,97,4201.05,3000.0
352440205000013,Urbana,0.0561492,614,252,2.6,234,0,18,234,2430.4,1995.0
352440205000014,Urbana,0.050317,593,248,2.6,230,4,14,230,2671.07,2000.0
352440205000015,Urbana,0.1420163,493,219,2.5,200,4,15,200,2736.56,1800.0
352440205000016,Urbana,0.9631591,384,144,2.9,131,1,11,131,6628.11,5000.0
352440205000017,Urbana,0.0729376,680,342,2.5,273,3,66,273,2571.7,1800.0
352440205000018,Urbana,0.1300466,559,270,2.6,219,4,47,219,2546.03,2000.0
352440205000019,Urbana,0.0958286,407,179,2.6,157,3,19,157,3845.28,2700.0
352440205000020,Urbana,0.0031912,31,1,0.0,0,0,0,,,
352440205000023,Urbana,0.0428146,298,128,2.8,108,0,20,108,3762.14,3000.0
352440205000024,Urbana,0.0401109,453,187,2.8,159,4,24,159,2846.2,2400.0
352440205000025,Urbana,0.0349207,341,169,2.4,140,0,29,140,2516.44,2000.0
352440205000027,Urbana,0.0728345,767,328,2.7,280,2,46,280,2928.88,2359.0
352440205000029,Urbana,0.0286014,771,300,2.7,284,3,13,284,1703.76,1500.0
352440205000030,Urbana,0.0214127,689,300,2.7,258,19,23,258,1611.58,1400.0
352440205000031,Urbana,0.3654599,84,44,2.6,32,1,11,32,1849.44,1600.0
352440205000032,Urbana,0.0787187,220,131,2.1,107,4,20,107,4233.41,3450.0
352440205000036,Urbana,0.1642378,460,211,2.5,184,1,26,183,2784.01,2000.0
352440205000037,Urbana,0.1451405,573,280,2.3,248,3,29,248,5045.99,3100.0
352440205000040,Urbana,0.0740199,443,152,3.2,138,4,10,138,1442.29,1216.0
352440205000045,Urbana,0.0982525,616,250,2.7,229,3,18,229,2992.98,2300.0
352440205000046,Urbana,0.1121093,717,298,2.6,278,1,19,278,4077.86,3000.0
352440205000047,Urbana,0.0690191,469,264,2.5,188,4,72,188,2547.05,2000.0
352440205000048,Urbana,0.1325535,586,282,2.5,236,4,42,236,2617.25,2000.0
352440205000049,Urbana,0.0454425,410,194,2.6,159,3,32,159,2595.31,2000.0
352440205000050,Urbana,0.0454724,392,164,2.8,140,5,19,140,3106.1,2400.0
352440205000055,Urbana,0.063224,631,266,2.6,240,3,23,240,2354.24,1750.0
352440205000056,Urbana,0.0487571,513,228,2.7,192,11,25,192,2698.15,2000.0
352440205000057,Urbana,0.052935,489,224,2.8,174,6,44,174,3196.99,2500.0
352440205000058,Urbana,0.0455479,422,200,2.6,163,6,31,163,2449.17,2000.0
352440205000059,Urbana,0.0499637,489,204,2.6,185,1,18,185,1993.07,1600.0
352440205000060,Urbana,0.083447,546,269,2.4,227,5,37,227,2200.63,2000.0
352440205000062,Urbana,0.092469,845,321,2.9,293,2,26,293,2398.06,2000.0
352440205000063,Urbana,0.0732916,540,184,3.1,175,1,8,175,2181.23,1650.0
352440205000064,Urbana,0.3154122,596,225,2.9,203,2,20,203,3648.08,3000.0
352440205000066,Urbana,0.0465388,264,105,2.8,93,1,11,93,3975.9,3000.0
352440205000067,Urbana,0.0625293,399,153,2.8,144,2,7,144,4037.45,3000.0
352440205000068,Urbana,0.0457654,420,185,2.5,165,4,16,165,2814.63,2000.0
352440205000070,Urbana,0.1073413,455,204,2.5,181,3,20,181,3079.58,2300.0
352440205000071,Urbana,0.0885656,625,296,2.3,268,5,23,268,2550.8,2000.0
352440205000072,Urbana,0.1013168,459,212,2.5,182,4,26,181,2777.7,2000.0
352440205000073,Urbana,0.0707416,422,184,2.5,166,5,13,166,2581.0,2100.0
352440205000076,Urbana,0.1152478,601,244,2.7,219,5,20,219,4330.06,3000.0
352440205000078,Urbana,0.0508537,738,263,3.0,245,11,7,245,2904.93,2500.0
352440205000079,Urbana,0.0750665,743,284,2.9,257,2,25,257,2603.86,2000.0
352440205000080,Urbana,0.0406336,479,197,2.8,171,4,22,171,2536.59,2000.0
352440205000081,Urbana,0.0726264,719,292,2.7,264,2,26,264,2619.03,1850.0
352440205000082,Urbana,0.1095376,665,273,2.7,250,2,21,250,3398.71,3000.0
352440205000083,Urbana,0.0871177,475,217,2.6,181,2,33,181,3018.58,2500.0
352440205000084,Urbana,0.0675721,417,186,2.7,157,5,24,157,3514.61,3000.0
352440205000085,Urbana,0.0832127,514,230,2.8,184,3,40,184,2325.06,2000.0
352440205000086,Urbana,0.0684203,406,200,2.4,166,1,33,166,2513.72,2000.0
352440205000087,Urbana,0.0539132,399,204,2.1,194,1,9,194,1570.81,1212.0
352440205000088,Urbana,0.0592021,441,195,2.5,174,1,20,174,2244.93,1700.0
352440205000091,Urbana,0.0524878,688,266,2.9,240,1,25,240,2363.76,2000.0
352440205000092,Urbana,0.0521511,582,266,2.5,230,5,31,230,1998.17,1500.0
352440205000093,Urbana,0.0532158,605,240,2.9,209,6,25,209,2399.81,2000.0
352440205000094,Urbana,0.0391659,489,199,2.9,171,1,27,171,2245.09,1720.0
352440205000095,Urbana,0.0498874,537,222,2.7,196,1,25,196,2516.11,2000.0
352440205000096,Urbana,0.3985122,894,349,2.9,313,3,33,313,1813.0,1500.0
352440205000097,Urbana,0.0908305,730,275,3.1,237,6,32,237,1831.99,1500.0
352440205000103,Urbana,0.1201434,369,138,2.9,128,1,9,128,2437.69,2100.5
352440205000106,Urbana,0.2146029,350,154,2.4,147,0,7,147,5099.66,2500.0
352440205000109,Urbana,0.0823974,871,332,2.9,301,7,24,301,2369.37,2000.0
352440205000112,Urbana,0.087024,685,259,3.0,227,6,26,227,2225.55,1800.0
352440205000113,Urbana,0.0597583,765,277,2.9,266,3,8,266,2714.93,2000.0
352440205000116,Urbana,0.1007271,830,321,2.8,299,6,16,299,2659.49,2000.0
352440205000117,Urbana,0.1246261,758,302,2.9,261,1,40,261,1924.13,1700.0
352440205000118,Urbana,0.0647775,598,225,2.9,207,0,18,207,2418.21,2000.0
352440205000119,Urbana,0.1131631,471,201,2.5,181,0,19,180,2044.2,1600.0
352440205000120,Urbana,0.0968284,913,358,2.8,324,6,28,324,2243.47,1800.0
352440205000127,Urbana,0.0999188,780,292,3.1,250,12,30,250,1799.86,1300.0
352440205000129,Urbana,0.7546264,566,225,2.9,197,2,26,197,1937.63,1500.0
352440205000133,Urbana,0.036253,467,241,2.2,210,7,24,210,3917.76,3000.0
352440205000136,Urbana,0.0772344,550,217,3.0,184,18,15,184,2544.62,2400.0
352440205000139,Urbana,0.059452,567,230,2.8,203,2,25,203,2566.39,2300.0
352440205000140,Urbana,0.0500771,439,188,2.8,157,6,25,157,2582.83,2400.0
352440205000141,Urbana,0.3348476,435,189,2.7,161,1,27,161,3075.13,2424.0
352440205000142,Urbana,0.0675601,504,203,2.8,183,5,15,183,3623.16,3000.0
352440205000143,Urbana,0.0691744,475,193,2.7,174,2,17,174,3755.52,3000.0
352440205000144,Urbana,0.193527,759,323,2.7,281,2,40,280,3060.95,2400.0
352440205000147,Urbana,0.0632514,654,257,2.7,238,1,18,238,2642.75,2400.0
352440205000148,Urbana,0.0458587,554,232,2.8,201,0,31,201,2176.17,1500.0
352440205000149,Urbana,0.042593,458,197,2.7,170,0,27,170,2617.35,2063.5
352440205000150,Urbana,0.1661422,693,252,3.0,232,1,19,232,2206.77,1800.0
352440205000151,Urbana,0.0440146,519,202,2.8,184,2,16,184,2301.3,1600.0
352440205000152,Urbana,0.0579025,474,221,2.3,208,5,8,203,2243.44,1800.0
352440205000153,Urbana,0.0444977,470,184,3.0,159,0,25,159,2058.68,1700.0
352440205000154,Urbana,0.0259151,327,123,2.9,112,0,11,112,2195.17,1500.0
352440205000158,Urbana,0.2316407,802,336,2.8,285,4,47,285,2454.59,2000.0
352440205000159,Urbana,0.0650104,705,258,2.9,239,4,15,239,2321.31,2000.0
352440205000161,Urbana,0.0581292,882,314,3.0,291,3,20,291,1523.84,1212.0
352440205000162,Urbana,0.3734469,40,19,3.3,12,0,7,12,1772.73,1500.0
352440205000163,Urbana,0.0714484,840,256,3.5,240,1,15,240,1850.09,1500.0
352440205000164,Urbana,0.0530202,458,166,2.9,159,0,7,159,3267.65,2500.0
352440205000165,Urbana,0.0554255,475,180,2.8,172,1,7,172,3459.15,2600.0
352440205000166,Urbana,0.0900869,477,145,3.4,140,1,4,140,13513.22,10000.0
352440205000167,Urbana,0.0922713,626,260,2.7,234,3,22,234,3125.65,2500.0
352440205000170,Urbana,0.0681208,414,151,3.0,136,1,14,136,1826.79,1200.0
352440205000172,Urbana,0.0542761,524,217,2.6,202,0,15,202,2300.92,2000.0
352440205000173,Urbana,0.0654815,585,233,2.7,216,0,17,216,2342.46,2200.0
352440205000174,Urbana,0.0480972,547,221,2.8,194,0,27,194,2185.49,1978.5
352440205000185,Urbana,0.0712228,372,154,2.8,131,2,21,131,2637.48,1940.0
352440205000187,Urbana,0.0931642,765,300,2.9,263,4,33,263,2405.53,1900.0
352440205000195,Urbana,0.0991606,839,307,3.1,272,10,25,272,2705.37,1880.0
352440205000196,Urbana,0.1120165,891,302,3.3,273,0,29,273,2227.41,1873.0
352440205000197,Urbana,0.1022407,918,342,3.0,304,0,38,304,2084.43,1600.0
352440205000198,Urbana,0.0618972,606,244,2.9,210,5,29,210,2243.99,1950.0
352440205000199,Urbana,0.1629498,1013,353,3.1,332,6,15,332,2187.57,1800.0
352440205000201,Urbana,0.1695257,792,304,3.0,266,4,34,266,2316.16,1700.0
352440205000202,Urbana,0.0354012,375,165,2.6,143,1,21,143,2033.0,2000.0
352440205000203,Urbana,0.0281677,70,38,2.7,26,8,4,26,1878.15,1256.0
352440205000205,Urbana,0.1177294,447,165,2.9,153,3,9,153,7660.83,4750.0
352440205000208,Urbana,0.2144592,542,218,2.8,196,2,20,196,2132.88,1800.0
352440205000211,Urbana,0.08445,512,178,3.0,168,1,9,168,2126.9,2000.0
352440205000213,Urbana,0.0218003,339,147,2.5,133,1,13,133,2691.66,2412.0
352440205000214,Urbana,0.1238708,257,91,3.1,84,2,5,84,2484.92,2000.0
352440205000217,Urbana,0.0752183,649,235,3.2,204,13,18,204,1452.6,1200.0
352440205000220,Urbana,0.0621565,476,236,2.3,204,8,24,204,3773.72,2800.0
352440205000222,Urbana,0.0881241,611,254,2.8,220,0,34,220,2867.39,1800.0
352440205000225,Urbana,0.0655226,850,299,3.1,275,1,23,275,2418.32,2001.0
352440205000232,Urbana,0.1311499,892,319,3.0,298,3,18,298,1582.07,1300.0
352440205000234,Rural,17.0085693,387,295,2.6,147,104,43,147,2354.77,1600.0
352440205000235,Rural,19.5467047,289,247,2.5,116,116,15,116,2295.55,1500.0
352440205000236,Rural,44.9009404,416,244,2.9,136,83,22,136,2531.54,1500.0
352440205000237,Rural,21.9692367,472,409,2.7,173,211,24,173,2547.13,1800.0
352440205000239,Urbana,4.1320085,196,300,2.8,71,220,9,71,3442.86,1600.0
352440205000242,Urbana,0.0176395,50,39,2.1,23,0,15,23,2567.24,2400.0
352440205000243,Urbana,0.0476731,269,126,2.6,105,2,19,105,3529.36,3000.0
352440205000245,Urbana,0.0211273,177,100,2.1,83,0,17,83,2543.04,1800.0
352440205000246,Urbana,0.0055621,46,42,2.7,17,8,17,17,1888.82,1570.0
352440205000250,Urbana,0.0511852,210,109,2.2,95,0,14,95,4028.33,3000.0
352440205000253,Urbana,0.0441563,292,165,2.2,128,6,30,128,4695.55,3000.0
352440205000256,Urbana,0.0871649,311,142,2.7,117,3,22,117,3608.55,3000.0
352440205000257,Urbana,0.0957095,418,159,2.8,151,2,6,151,5324.32,4000.0
352440205000259,Urbana,0.0302627,344,147,2.6,134,3,10,134,2652.17,2025.0
352440205000260,Urbana,0.0130492,141,63,2.5,56,0,7,56,2355.43,2000.0
352440205000262,Urbana,0.0636953,0,0,0.0,0,0,0,,,
352440205000263,Urbana,0.0426789,388,161,2.5,154,0,7,154,2348.76,1700.0
352440205000267,Urbana,0.4409588,233,99,2.7,85,6,7,85,1814.71,1500.0
352440205000271,Urbana,0.1757327,647,230,3.2,203,6,21,202,2153.42,1600.0
352440205000274,Urbana,0.0529812,211,77,3.0,71,0,6,71,1492.0,1212.0
352440205000275,Urbana,0.2458438,88,68,2.7,33,0,35,33,3611.55,3500.0
352440205000282,Urbana,0.2493022,289,103,2.9,99,0,4,99,5091.64,4300.0
352440205000284,Urbana,0.1019546,581,212,3.0,195,3,14,195,6202.97,3600.0
352440205000288,Urbana,0.1257328,523,186,3.1,170,4,12,169,2632.21,2000.0
352440205000297,Rural,0.2416148,5,4,2.5,2,2,0,,,
352440205000312,Rural,2.9019321,94,112,2.8,33,70,9,33,1891.15,1500.0
352440205000313,Rural,2.9197309,94,64,2.9,32,6,26,32,2184.52,1500.0
352440205000320,Rural,11.7966163,136,96,2.9,47,43,6,47,3744.82,3500.0
352440205000321,Rural,4.5749988,5,14,5.0,1,3,10,,,
352440205000333,Urbana,1.3147577,46,187,3.8,12,165,10,12,2006.0,1231.0
352440205000339,Urbana,0.0305394,288,105,3.2,91,2,12,91,1359.9,1212.0
352440205000340,Urbana,0.0974683,749,289,2.8,269,1,19,269,2007.1,1500.0
352440205000341,Urbana,0.0678279,422,179,3.0,143,2,34,143,1588.13,1400.0
352440205000348,Urbana,0.7497035,885,264,3.4,258,0,6,258,1531.9,1212.0
352440205000350,Urbana,1.0141569,171,112,2.9,60,39,13,60,2736.08,2400.0
352440205000360,Rural,0.0088735,31,1,0.0,0,0,0,,,
352440205000361,Rural,30.2148931,302,277,2.8,107,133,37,107,2556.87,1500.0
352440205000364,Urbana,0.1400601,299,156,2.3,129,3,24,129,7029.68,5500.0
352440205000365,Urbana,0.0721856,490,217,2.5,193,7,17,193,7172.28,5350.0
352440205000366,Urbana,0.0468576,478,196,2.7,179,2,15,179,2685.6,2000.0
352440205000367,Urbana,0.0417717,383,173,2.7,140,2,31,140,2305.64,2000.0
352440205000368,Urbana,0.0769238,556,211,3.0,184,4,23,184,2551.12,2000.0
352440205000370,Urbana,0.0492614,601,229,2.8,212,7,10,212,3298.27,2500.0
352440205000371,Urbana,0.1957082,634,243,2.9,221,3,19,221,3913.91,3000.0
352440205000372,Urbana,0.0973529,638,236,2.9,219,6,11,219,4734.57,3800.0
352440205000373,Urbana,0.1248521,556,210,2.8,198,1,11,198,4756.73,4000.0
352440205000374,Urbana,0.0864678,394,151,2.8,141,5,5,141,8168.39,7000.0
352440205000375,Urbana,0.0704834,361,167,2.5,146,8,13,146,6042.31,4250.0
352440205000376,Urbana,0.0105665,334,176,2.2,155,1,20,155,3463.43,3000.0
352440205000377,Urbana,0.1108714,597,238,2.9,207,10,21,207,4464.84,3002.0
352440205000378,Urbana,0.0693362,290,132,2.5,117,5,10,117,4907.22,4000.0
352440205000379,Urbana,0.0712934,579,248,2.6,220,5,23,220,2936.31,2000.0
352440205000380,Urbana,0.0589042,392,199,2.3,168,9,22,168,3729.29,3000.0
352440205000381,Urbana,0.0915884,554,197,3.0,187,2,8,187,4328.0,3500.0
352440205000382,Urbana,0.0853522,638,240,2.9,217,4,19,217,3737.61,3000.0
352440205000383,Urbana,0.1648104,582,217,3.0,195,2,20,195,3045.15,2350.0
352440205000384,Urbana,0.1046514,436,154,3.0,143,1,10,143,3960.91,3300.0
352440205000385,Urbana,0.26695,483,198,2.9,165,6,27,165,3880.78,3000.0
352440205000386,Urbana,0.2174905,612,273,2.5,241,1,31,241,4272.6,3100.0
352440205000387,Urbana,0.0405379,382,200,2.3,163,0,37,163,4297.32,3500.0
352440205000388,Urbana,0.1289944,429,166,2.9,150,5,11,150,7982.98,6000.0
352440205000389,Urbana,0.0871867,364,151,2.9,126,4,21,126,6456.29,5000.0
352440205000390,Urbana,0.0360382,443,158,3.0,148,1,9,148,9565.48,8000.0
352440205000391,Urbana,0.0257624,373,130,3.0,125,1,4,125,8319.51,7000.0
352440205000392,Urbana,0.0217345,372,133,2.9,129,2,2,129,7705.91,6000.0
352440205000393,Urbana,0.0401286,380,176,2.6,149,6,21,149,5033.03,3900.0
352440205000394,Urbana,0.0177369,323,180,2.0,164,2,14,164,5132.79,4000.0
352440205000395,Urbana,0.0681021,246,120,2.5,100,2,18,100,3198.52,2500.0
352440205000396,Urbana,0.0559656,401,184,2.6,155,1,28,155,3973.04,2456.0
352440205000397,Urbana,0.0501176,581,244,2.9,203,0,41,203,3130.79,2000.0
352440205000398,Urbana,0.0275867,382,192,2.4,159,0,33,159,3181.12,2500.0
352440205000399,Urbana,0.0224717,414,179,2.5,168,2,9,168,4316.27,3101.0
352440205000400,Urbana,0.0744379,389,195,2.4,163,5,27,163,4836.07,3500.0
352440205000401,Urbana,0.0454524,334,138,2.9,115,7,16,115,2547.11,1975.0
352440205000402,Urbana,0.1054277,751,286,2.9,257,1,28,257,2109.42,1700.0
352440205000403,Urbana,0.1732623,207,91,2.8,74,0,17,74,1731.84,1300.0
352440205000404,Urbana,0.192646,595,231,2.9,208,0,23,208,2046.69,1800.0
352440205000405,Urbana,0.3468121,683,245,3.1,223,1,21,223,2034.77,1789.5
352440205000406,Urbana,0.0326486,371,161,2.6,143,2,16,143,8670.99,2350.0
352440205000407,Urbana,0.0656229,376,165,2.6,146,0,19,146,4997.56,4000.0
352440205000408,Urbana,0.0448844,461,201,2.6,178,8,15,178,2828.8,2000.0
352440205000409,Urbana,0.030922,409,179,2.5,162,1,16,162,3371.22,2500.0
352440205000410,Urbana,0.0822607,405,174,2.8,144,1,29,144,2954.36,2000.0
352440205000411,Urbana,0.0875058,424,181,2.6,163,4,14,163,6160.63,4500.0
352440205000412,Urbana,0.0175565,341,192,2.1,164,6,22,164,3748.16,3000.0
352440205000413,Urbana,0.0433318,332,145,2.6,127,8,10,127,2505.17,2001.0
352440205000415,Urbana,0.1593277,574,199,3.0,194,0,5,194,8227.32,5750.0
352440205000416,Urbana,0.0081926,257,160,2.4,106,3,51,106,3434.19,3000.0
352440205000417,Urbana,0.0337933,357,164,2.6,138,2,24,138,4122.46,3500.0
352440205000418,Urbana,0.0134885,414,208,2.4,173,1,34,173,3171.14,2700.0
352440205000419,Urbana,0.0886131,409,162,2.7,149,0,13,149,4325.78,3500.0
352440205000420,Urbana,0.0286424,0,160,0.0,0,0,160,,,
352440205000421,Urbana,0.0087098,0,160,0.0,0,0,160,,,
352440205000422,Urbana,0.0147457,252,160,2.5,100,1,59,100,2690.79,2200.0
352440205000423,Urbana,0.0355479,187,176,2.6,71,1,104,71,2899.61,2600.0
352440205000424,Urbana,0.0362106,215,136,2.4,91,9,36,91,2876.49,2500.0
352440205000425,Urbana,0.0871539,564,231,2.8,204,0,27,204,2942.59,2400.0
352440205000426,Urbana,0.0285143,321,164,2.4,136,14,14,136,3564.51,3400.0
352440205000427,Urbana,0.0541667,417,167,2.8,150,5,12,150,2860.9,2200.0
352440205000428,Urbana,0.0179607,243,176,2.3,105,1,70,105,3346.48,2850.0
352440205000429,Urbana,0.0408473,265,108,2.5,104,0,2,104,2413.21,2000.0
352440205000430,Urbana,0.3789433,680,273,2.8,246,9,18,246,7262.59,5000.0
352440205000431,Urbana,0.1661317,510,211,2.9,176,9,26,176,5324.69,4000.0
352440205000432,Urbana,0.0256351,336,161,2.6,129,1,31,129,6333.41,5000.0
352440205000433,Urbana,0.3012894,397,182,2.6,154,9,19,154,3142.75,2706.0
352440205000434,Urbana,0.1433842,576,197,3.2,178,5,14,178,5307.93,4000.0
352440205000435,Urbana,0.1437995,580,200,3.2,183,5,12,183,5156.86,4000.0
352440205000436,Urbana,0.3477612,422,145,3.0,139,2,4,139,7279.7,5000.0
352440205000437,Urbana,0.2548307,726,262,3.1,234,9,19,234,5775.53,4207.5
352440205000438,Urbana,0.1579031,473,177,2.9,163,4,10,163,5001.84,4000.0
352440205000439,Urbana,0.0779306,714,266,2.9,247,0,19,247,2160.52,1700.0
352440205000440,Urbana,0.085702,819,274,3.3,252,2,20,252,2594.31,2000.0
352440205000441,Urbana,0.0513397,360,173,2.4,153,1,19,153,4175.4,3500.0
352440205000442,Urbana,0.0388998,418,172,2.5,164,0,8,164,4720.75,4000.0
352440205000443,Urbana,0.0423637,487,178,2.8,173,0,5,173,3936.1,3200.0
352440205000445,Urbana,0.1889128,755,292,2.9,263,0,29,263,2622.79,2000.0
352440205000446,Urbana,0.0701932,616,222,3.0,205,1,16,205,2406.01,2000.0
352440205000447,Urbana,0.0971183,630,231,2.9,220,3,8,220,3482.12,2800.0
352440205000448,Urbana,0.0696547,564,213,2.8,198,1,14,198,3034.79,2590.0
352440205000449,Urbana,0.0718589,657,257,2.8,238,1,18,238,2422.82,2000.0
352440205000450,Urbana,0.0706314,615,235,2.9,214,1,20,214,2667.36,2000.0
352440205000451,Urbana,0.0860379,473,190,2.7,175,0,15,175,2754.41,2000.0
352440205000452,Urbana,0.0447773,428,165,2.9,150,1,14,150,1993.88,1600.0
352440205000453,Urbana,0.0590191,629,214,3.2,194,5,15,194,2131.93,1800.0
352440205000454,Urbana,0.0483545,449,168,3.0,150,2,16,150,2469.83,2000.0
352440205000455,Urbana,0.0841345,614,215,3.1,199,3,13,199,2209.97,1600.0
352440205000456,Urbana,0.0847621,674,235,3.2,213,3,19,213,2328.4,2000.0
352440205000458,Urbana,0.1000285,679,236,3.1,216,6,14,216,2154.78,1600.0
352440205000459,Urbana,0.0900794,695,278,2.9,237,7,34,237,1716.88,1350.0
352440205000461,Urbana,2.5390689,656,348,3.0,219,107,22,219,2290.54,1800.0
352440205000462,Urbana,1.2794001,571,263,2.8,201,46,16,201,1951.83,1400.0
352440205000463,Urbana,0.7489382,552,238,3.0,183,30,25,183,2429.42,1500.0
352440205000464,Urbana,0.4578958,610,272,2.7,223,6,43,223,2068.9,1500.0
352440205000465,Urbana,0.3251648,466,192,2.9,161,12,19,161,2197.25,1500.0
352440205000466,Urbana,0.6308735,484,215,3.0,162,30,23,162,1772.52,1275.0
352440205000467,Urbana,0.0675421,663,245,2.8,233,2,10,233,1867.28,1500.0
352440205000468,Urbana,0.0520531,392,158,2.9,136,1,21,136,2027.29,1500.0
352440205000469,Urbana,0.1802969,757,282,3.1,248,2,32,248,2191.96,1667.0
352440205000470,Urbana,0.204379,581,209,3.0,193,2,14,193,2564.19,2000.0
352440205000471,Urbana,0.0592886,514,215,2.6,197,4,13,197,2953.85,2065.0
352440205000472,Urbana,0.049809,499,206,2.7,183,6,17,183,5429.44,3500.0
352440205000473,Urbana,0.0812908,423,200,2.4,178,4,18,178,4399.74,3100.0
352440205000474,Urbana,0.0442694,468,218,2.5,188,0,30,188,6974.06,5000.0
352440205000475,Urbana,0.0590025,582,234,2.8,205,5,24,204,4465.2,3200.0
352440205000477,Urbana,0.0886905,462,200,2.7,172,2,26,172,2940.52,2450.0
352440205000478,Urbana,0.062742,261,118,2.5,103,1,14,103,5784.43,4000.0
352440205000479,Urbana,0.0192961,412,165,2.7,150,5,10,150,5802.05,4100.0
352440205000480,Urbana,0.081604,508,217,2.7,191,2,24,191,2267.68,2000.0
352440205000481,Urbana,0.0306059,189,172,2.2,85,1,86,85,5651.13,4000.0
352440205000482,Urbana,0.0686905,525,189,3.0,173,4,12,173,2524.58,2012.5
352440205000483,Urbana,0.1169843,461,199,2.6,180,6,13,180,2606.25,2000.0
352440205000484,Urbana,0.0910319,647,258,2.8,231,7,20,231,2441.33,1500.0
352440205000485,Urbana,0.0194962,452,199,2.6,172,4,23,172,3217.36,3000.0
352440205000486,Urbana,0.0203805,426,180,2.6,162,3,15,162,7131.43,5000.5
352440205000487,Urbana,0.0107904,342,180,2.3,148,6,26,148,6876.03,6000.0
352440205000488,Urbana,0.0170532,355,179,2.3,156,3,20,156,4023.69,3000.0
352440205000489,Urbana,0.0132104,335,160,2.5,136,5,19,136,5208.63,4500.0
352440205000490,Urbana,0.093717,171,75,2.5,69,0,6,69,7066.79,6000.0
352440205000491,Urbana,0.0234165,334,180,2.2,155,2,23,155,3648.45,3000.0
352440205000492,Urbana,0.1940083,501,172,3.2,159,3,10,159,9248.08,6500.0
352440205000493,Urbana,0.3403314,636,201,3.3,191,2,8,191,11706.99,10000.0
352440205000494,Urbana,0.0164433,327,160,2.4,137,4,19,137,3168.1,3081.0
352440205000495,Urbana,0.0116309,365,200,2.3,158,8,34,158,3385.97,2800.0
352440205000496,Urbana,0.0117171,375,200,2.2,171,0,29,171,4460.72,3500.0
352440205000497,Urbana,0.0119498,356,199,2.2,163,10,26,163,3539.84,3000.5
352440205000498,Urbana,0.1271594,241,88,3.1,78,1,9,78,5551.81,4000.0
352440205000499,Urbana,0.1267966,481,164,3.2,151,4,9,151,11325.3,9900.0
352440205000500,Urbana,0.169661,404,157,2.9,139,3,15,139,10256.34,7000.0
352440205000501,Urbana,0.0762221,440,181,2.9,152,9,20,152,3440.97,2400.0
352440205000502,Urbana,0.0387223,443,176,2.8,157,1,18,157,2647.29,2000.0
352440205000503,Urbana,0.0541604,693,252,3.1,224,0,28,224,1889.39,1600.0
352440205000504,Urbana,0.0423731,426,208,2.4,181,2,25,181,2588.52,2200.0
352440205000505,Urbana,0.1176466,595,213,3.0,197,2,14,197,2124.91,1900.0
352440205000506,Urbana,0.0455373,616,217,3.2,193,3,21,193,2537.95,2000.0
352440205000507,Urbana,0.0600924,606,192,3.3,184,0,8,184,2349.47,2000.0
352440205000508,Urbana,0.0577549,770,302,2.9,268,4,30,268,2467.11,2000.0
352440205000509,Urbana,0.0655668,651,242,3.0,215,1,26,215,2415.66,2000.0
352440205000510,Urbana,0.0341116,276,104,3.1,88,3,13,88,2944.4,2500.0
352440205000511,Urbana,0.049428,596,214,2.9,205,2,7,205,1893.56,1500.0
352440205000512,Urbana,0.1190879,658,240,3.0,219,5,16,219,1992.73,1508.0
352440205000513,Urbana,0.0628215,399,139,3.2,124,0,15,124,1830.48,1500.0
352440205000514,Urbana,0.0471811,514,176,3.2,160,3,13,160,3090.9,2500.0
352440205000515,Urbana,0.0574349,604,201,3.3,181,3,17,181,2257.19,1800.0
352440205000516,Urbana,0.0236389,366,135,2.9,128,1,6,128,3494.39,3000.0
352440205000518,Urbana,0.0511073,587,214,3.0,194,0,20,194,2513.73,2000.0
352440205000519,Urbana,0.0790019,710,226,3.3,213,0,13,213,2835.84,2500.0
352440205000520,Urbana,0.0570108,784,285,3.0,265,2,18,265,2407.0,1956.0
352440205000521,Urbana,0.0814768,770,294,3.0,259,3,32,259,1897.25,1500.0
352440205000522,Urbana,0.0482429,641,237,3.1,207,4,26,207,1760.76,1300.0
352440205000523,Urbana,0.0559611,485,200,2.9,165,2,33,165,1822.15,1500.0
352440205000524,Urbana,0.0478606,639,235,3.0,212,2,21,212,2484.82,2000.0
352440205000525,Urbana,0.0488406,560,205,3.0,187,1,17,187,2200.82,2000.0
352440205000526,Urbana,0.0673073,644,244,2.9,223,5,16,223,2729.82,2500.0
352440205000527,Urbana,0.0798481,676,240,3.0,213,7,19,213,2474.74,2000.0
352440205000528,Urbana,0.0610406,567,220,2.8,200,6,14,200,2709.16,2400.0
352440205000529,Urbana,0.074671,595,220,3.0,196,7,17,196,2576.21,2000.0
352440205000530,Urbana,0.1167929,546,234,2.9,191,6,37,191,2244.15,1795.0
352440205000531,Urbana,0.1082727,526,198,2.8,180,5,12,180,2165.59,1625.0
352440205000532,Urbana,0.5065057,660,253,3.1,212,3,38,212,2463.24,1680.0
352440205000533,Urbana,0.1063779,348,153,3.1,113,6,34,113,2239.41,1600.0
352440205000534,Urbana,0.0419139,274,138,2.5,109,1,28,109,3646.39,3000.0
352440205000535,Urbana,0.2328528,450,197,3.1,147,5,45,147,2413.83,1700.0
352440205000536,Urbana,0.0598976,327,135,2.7,120,1,14,120,2141.44,1700.0
352440205000537,Urbana,0.0893943,550,213,2.9,187,8,18,187,2184.82,1800.0
352440205000538,Urbana,0.0153807,502,198,2.7,185,0,13,185,1305.68,1200.0
352440205000539,Urbana,0.0070072,274,128,2.6,106,0,22,106,1268.87,1212.0
352440205000540,Urbana,0.0138974,257,112,2.8,93,0,19,93,1508.11,1212.0
352440205000541,Urbana,0.1507715,515,199,2.9,177,1,21,177,2442.7,2000.0
352440205000543,Urbana,0.0558818,536,206,2.8,189,2,15,189,2087.27,1630.0
352440205000544,Urbana,0.0621497,550,196,3.2,174,1,21,174,2122.41,1800.0
352440205000545,Urbana,0.0718207,529,197,3.0,177,2,18,176,2909.61,2078.0
352440205000546,Urbana,0.0147995,369,177,2.4,151,7,19,151,4378.56,3750.0
352440205000547,Urbana,0.0111903,351,160,2.4,145,5,10,145,3914.09,3500.0
352440205000548,Urbana,0.1487566,573,221,3.0,190,3,28,190,3073.06,2500.0
352440205000549,Urbana,0.0956579,562,219,2.9,192,0,27,192,1677.06,1290.0
352440205000550,Urbana,0.1336512,74,31,3.5,21,4,6,21,2378.0,2000.0
352440205000551,Urbana,0.7123711,375,179,2.8,131,28,19,131,1940.23,1600.0
352440205000552,Urbana,0.0843658,640,223,3.2,198,1,24,198,2916.55,2450.0
352440205000553,Urbana,0.0426507,309,171,2.1,148,0,23,148,4197.44,3800.0
352440205000554,Urbana,0.0728491,510,179,3.1,164,0,15,164,3521.61,2500.0
352440205000555,Urbana,0.0333343,240,160,2.3,105,6,49,105,3349.09,2500.0
352440205000556,Urbana,0.2688111,773,249,3.4,227,3,19,227,2139.46,1500.0
352440205000557,Urbana,0.2154208,957,331,3.2,297,7,27,297,1996.87,1600.0
352440205000558,Urbana,0.0418081,425,205,2.6,161,16,28,161,3626.84,3000.0
352440205000559,Urbana,0.0410249,374,154,2.8,136,8,10,136,3188.24,2400.0
352440205000560,Urbana,0.050331,489,176,2.9,169,3,4,169,2616.42,2300.0
352440205000561,Urbana,0.0111386,353,160,2.4,147,0,13,147,3456.99,3000.0
352440205000562,Urbana,0.0262013,260,128,2.4,109,1,18,109,3596.73,3000.0
352440205000563,Urbana,0.0236434,272,120,2.5,108,3,9,108,7036.56,6000.0
352440205000564,Urbana,0.1113879,684,239,3.0,225,1,13,225,5377.61,4000.0
352440205000565,Urbana,0.104258,680,235,3.0,225,3,7,225,5323.91,4500.0
352440205000566,Urbana,0.040394,601,212,3.0,199,0,13,199,2390.86,2000.0
352440205000567,Urbana,0.0614638,571,187,3.1,183,0,4,183,2493.28,2300.0
352440205000568,Urbana,0.0634711,800,276,3.0,263,1,12,263,2107.72,1800.0
352440205000569,Urbana,0.0621256,779,282,3.0,257,2,23,257,2043.29,1500.0
352440205000570,Urbana,0.1398645,817,264,3.3,244,4,16,244,2468.21,2000.0
352440205000571,Urbana,0.133055,488,189,3.1,158,10,21,158,2190.23,2000.0
352440205000572,Urbana,0.0207525,386,146,2.8,137,2,7,137,4648.1,4000.0
352440205000573,Urbana,0.0203075,378,144,2.9,131,2,11,131,3922.03,3200.0
352440205000574,Urbana,0.0523153,606,222,3.0,203,2,17,203,3388.82,2800.0
352440205000575,Urbana,0.0519277,494,169,3.0,162,0,7,162,4593.19,4000.0
352440205000576,Urbana,0.1241571,631,225,3.0,210,4,11,210,4142.9,3200.0
352440205000577,Urbana,0.0807516,405,139,3.2,128,3,7,128,3064.48,2001.0
352440205000578,Urbana,0.0364547,395,146,3.1,129,10,7,129,4368.03,4000.0
352440205000579,Urbana,0.0509354,664,238,2.9,226,4,8,226,2519.81,2000.0
352440205000581,,13.1166914,0,0,0.0,0,0,0,,,
352440205000582,Rural,7.2404378,27,43,2.7,10,30,3,10,2915.71,2000.0
352440205000583,Urbana,0.076539,419,178,2.7,158,0,20,158,2292.9,1800.0
352440205000584,Urbana,0.5197215,502,190,3.0,169,3,18,169,10213.56,7000.0
352440205000585,Urbana,0.0183469,347,169,2.3,149,12,8,149,5566.58,5000.0
352440205000586,Urbana,0.0098291,190,80,2.6,73,1,6,73,9119.92,7000.0
352440205000587,Urbana,0.0432746,425,181,2.7,156,1,24,156,5186.46,4000.0
352440205000588,Urbana,0.0076567,439,177,2.7,165,1,11,165,6665.54,5000.0
352440205000589,Urbana,0.0402653,477,175,3.2,147,4,24,147,1410.34,1200.0
352440205000590,Urbana,0.092233,431,171,2.9,149,9,13,149,7223.49,6500.0
352440205000591,Urbana,0.0063835,329,138,2.6,127,4,7,127,7841.85,5078.0
352440205000592,Urbana,0.1207856,672,246,2.9,228,4,14,228,5355.56,4800.0
352440205000593,Urbana,0.1262322,687,250,3.0,230,3,17,230,5455.58,4500.0
352440205000594,Urbana,0.0984599,621,227,3.0,205,3,19,205,4366.21,3000.0
352440205000595,Urbana,0.1010285,458,172,3.0,151,6,15,151,6932.27,5000.0
352440205000596,Urbana,0.0641387,480,154,3.3,145,1,8,145,13013.12,11300.0
352440205000597,Urbana,0.0842161,517,159,3.3,155,1,3,155,9902.46,10000.0
352440205000598,Urbana,0.1101336,551,225,3.1,180,0,45,180,9187.59,6000.0
352440205000599,Urbana,0.0077871,236,116,2.4,97,3,16,97,5747.36,5001.0
352440205000600,Urbana,0.0093651,262,116,2.5,104,3,9,104,6510.56,5100.0
352440205000601,Urbana,0.0313832,343,164,2.2,154,1,9,154,5890.66,5000.0
352440205000602,Urbana,0.0629095,405,157,2.7,149,0,8,149,9117.84,8000.0
352440205000603,Urbana,0.0988069,499,176,2.9,170,0,6,170,9988.5,9000.0
352440205000604,Urbana,0.0986107,389,137,3.0,128,1,8,128,6221.05,5000.0
352440205000605,Urbana,0.1381066,684,263,2.9,235,2,26,235,5297.32,4000.0
352440205000606,Urbana,0.1204171,755,266,3.1,240,3,23,240,4978.19,4000.0
352440205000607,Urbana,0.0088809,324,200,2.0,162,8,30,162,5031.16,4500.0
352440205000609,Urbana,0.0408924,445,177,2.7,163,4,10,163,5396.86,4000.0
352440205000610,Urbana,1.0482846,363,138,2.9,127,2,9,127,5095.0,5000.0
352440205000611,Urbana,0.0904723,311,109,3.0,102,4,3,102,1607.98,1300.0
352440205000613,Urbana,0.1531901,909,314,3.2,288,4,22,288,1497.53,1212.0
352440205000614,Urbana,0.2124419,0,1,0.0,0,0,1,,,
352440205000615,Urbana,0.2561304,388,119,3.3,117,1,1,117,9600.02,5500.0
352440205000616,Urbana,0.521175,335,107,3.4,99,1,7,99,11852.15,10000.0
352440205000617,Urbana,0.3199168,354,111,3.4,105,1,5,105,12617.65,10000.0
352440205000618,Urbana,0.2771783,294,99,3.4,86,3,10,86,9073.49,5500.0
352440205000619,Urbana,0.2908244,249,78,3.4,73,0,5,73,10261.07,8000.0
352440205000620,Urbana,0.3910355,387,131,3.3,116,3,12,116,10931.64,8000.0
352440205000621,Urbana,0.0362384,572,191,3.2,179,2,10,179,2777.06,2200.0
352440205000622,Urbana,0.0405751,517,196,2.9,176,4,16,176,2751.19,2200.0
352440205000623,Urbana,0.0254992,353,149,2.6,137,2,10,137,4725.84,4000.0
352440205000624,Urbana,0.0256718,457,171,2.8,161,0,10,161,4265.39,3500.0
352440205000625,Urbana,0.1099224,493,191,2.7,181,0,10,181,3986.34,3000.0
352440205000626,Urbana,0.0127314,426,198,2.6,162,4,32,162,2579.97,2020.0
352440205000627,Urbana,0.0113514,386,163,3.0,127,1,35,127,1750.38,1500.0
352440205000628,Urbana,0.0079771,347,143,2.8,122,0,21,122,1631.69,1500.0
352440205000629,Urbana,0.1301291,384,145,2.8,136,1,8,136,3143.75,2800.0
352440205000630,Urbana,0.0118984,416,160,2.9,145,5,10,145,1444.72,1390.0
352440205000631,Urbana,0.017747,492,176,3.2,155,1,20,155,1683.61,1212.0
352440205000632,Urbana,0.0790172,385,134,3.3,118,1,15,118,2447.7,2000.0
352440205000633,Urbana,0.0535395,476,169,3.0,160,0,9,160,3564.68,3000.0
352440205000634,Urbana,0.2512659,593,205,3.2,184,2,19,184,3604.36,3000.0
352440205000635,Urbana,0.0134298,355,200,2.4,145,3,52,145,7026.92,5200.0
352440205000636,Urbana,0.0038599,178,121,2.3,79,4,38,79,8081.8,7000.0
352440205000637,Urbana,0.0193936,178,120,2.2,82,1,37,82,7320.55,5800.0
352440205000639,Urbana,0.2127109,432,179,3.1,139,9,31,139,1595.72,1212.0
352440205000641,Urbana,0.0432874,563,169,3.6,156,0,13,156,1216.38,1212.0
352440205000643,Urbana,0.1206987,537,243,2.5,213,6,24,213,5927.01,4000.0
352440205000644,Urbana,0.1092122,391,232,2.4,163,2,67,163,3214.45,2450.0
352440205000645,Urbana,0.0373235,206,130,2.1,97,9,24,97,4039.05,3000.0
352440205000648,Urbana,0.842432,648,264,2.7,236,4,24,236,3048.24,2404.0
352440205000649,Urbana,0.1120034,668,281,2.7,251,4,26,251,2069.72,1600.0
352440205000650,Rural,3.8930104,27,19,3.0,9,4,6,9,1937.5,1800.0
352440205000654,Urbana,0.1337549,378,192,2.5,150,2,40,150,4491.5,2424.0
352440205000656,Urbana,0.9407203,28,10,3.1,9,1,0,8,8412.5,6500.0
352440205000659,Rural,5.6816878,150,58,3.2,47,1,10,47,2439.26,2000.0
352440205000661,Rural,4.8990176,59,63,2.5,22,22,17,22,1719.05,1300.0
352440205000662,Urbana,0.0752315,517,269,2.3,222,7,40,222,4284.9,3000.0
352440205000664,Urbana,0.0157634,228,84,2.9,78,0,6,78,1328.79,1200.0
352440205000665,Urbana,0.5126357,88,27,3.5,25,0,2,25,1279.17,1200.0
352440205000666,Urbana,0.031165,220,80,3.1,71,0,9,71,1791.0,1500.0
352440205000667,Urbana,0.0725645,619,248,3.2,196,2,50,196,1641.55,1300.0
352440205000669,Urbana,0.1206936,3,2,3.0,1,0,1,,,
352440205000670,Urbana,0.0355473,429,150,3.0,143,0,7,143,2011.59,1500.0
352440205000672,Rural,0.4156757,0,1,0.0,0,1,0,,,
352440205000673,Urbana,0.3982295,566,213,3.1,183,6,24,183,2417.62,2000.0
352440205000674,Urbana,0.0964844,799,311,2.8,281,3,26,281,2605.76,2000.0
352440205000675,Urbana,0.4297541,7,2,3.5,2,0,0,,,
352440205000676,Urbana,0.0108569,31,18,2.1,15,0,3,14,2666.86,3000.0
352440205000679,Urbana,0.0212969,347,135,2.8,124,3,8,124,6587.9,5000.0
352440205000680,Urbana,0.232563,44,15,3.4,13,0,2,13,7679.54,4000.0
352440205000681,Urbana,0.0640369,135,67,2.8,49,15,3,49,3849.15,2000.0
352440205000685,Urbana,0.0782428,566,230,2.7,208,11,11,208,4440.72,3500.0
352440205000686,Urbana,0.0231363,240,99,2.8,87,3,9,87,2221.25,2000.0
352440205000687,Urbana,0.2667794,269,115,2.6,102,0,13,101,2489.93,2000.0
352440205000688,Urbana,0.0159871,2,402,2.0,1,0,401,,,
352440205000689,Urbana,0.3479567,450,166,2.9,153,0,13,153,3152.58,2500.0
352440205000690,Urbana,0.0262446,0,0,0.0,0,0,0,,,
352440205000691,Urbana,0.0088942,0,172,0.0,0,1,171,,,
352440205000692,Urbana,0.0171115,326,150,2.4,136,4,10,136,6294.59,4350.0
352440205000693,Urbana,0.0022513,0,0,0.0,0,0,0,,,
352440205000694,Urbana,0.0044633,0,0,0.0,0,0,0,,,
352440205000695,Urbana,0.2660493,231,84,3.0,76,2,6,76,8449.46,5600.0
352440205000697,Urbana,0.0621663,273,122,2.7,103,0,19,103,4096.23,3340.0
352440205000698,Rural,18.4454501,274,158,2.9,95,34,29,95,2373.3,1500.0
352440205000699,Urbana,0.2465397,48,33,2.5,19,13,1,19,4342.79,3000.0
352440205000700,Urbana,0.0146455,164,58,3.3,49,0,9,49,1976.0,1500.0
352440205000701,Rural,0.3465443,0,0,0.0,0,0,0,,,
352440205000702,Urbana,0.0525897,243,134,2.7,89,5,40,89,2579.16,2000.0
352440205000703,Rural,0.6265895,37,17,2.8,13,4,0,13,3364.62,3000.0
352440205000704,Urbana,0.0368391,300,105,3.1,97,2,6,97,2512.15,2424.0
352440205000705,Rural,1.1865801,11,7,3.7,3,3,1,,,
352440205000706,Urbana,0.0377015,251,96,2.7,92,1,3,92,3690.82,3150.0
352440205000707,Rural,0.620526,29,11,4.1,7,0,4,7,1742.86,1300.0
352440205000708,Urbana,0.2323195,436,155,3.3,133,3,19,133,2627.47,2000.0
352440205000709,Rural,3.5105888,10,3,3.3,3,0,0,,,
352440205000710,Urbana,4.417441,40,18,2.9,14,0,3,14,2139.69,1280.0
352440205000711,Urbana,2.5808456,43,16,3.3,13,1,2,13,2068.0,1650.0
352440205000712,Rural,17.4546356,70,32,2.4,29,1,2,29,2811.31,2000.0
352440205000713,Rural,18.3631153,104,59,3.0,35,14,10,35,2059.09,1425.0
352440205000714,Rural,33.1746985,470,294,2.8,165,96,32,165,2413.65,2000.0
352440205000715,Rural,1.8191911,25,16,3.1,8,5,3,8,2158.0,1356.0
352440205000716,Urbana,0.0821246,101,38,3.6,28,1,9,28,1980.78,1200.0
352440205000717,Urbana,0.1444079,609,304,2.5,248,15,41,248,2394.99,2100.0
352440205000718,Urbana,0.429821,113,95,2.8,41,46,8,41,4405.33,2650.0
352440205000719,Rural,1.4789022,20,13,2.2,9,4,0,9,2045.78,1500.0
352440205000720,Urbana,0.5984383,757,319,3.0,256,34,29,255,1622.78,1212.0
352440205000721,Rural,1.972904,71,32,3.0,24,3,5,24,2211.75,1900.0
352440205000722,Urbana,1.1073215,595,228,3.0,198,1,29,198,3496.54,3000.0
352440205000723,Rural,6.9384263,61,42,2.8,22,16,4,22,2446.57,2200.0
352440205000724,Rural,18.4844426,531,345,2.9,184,114,47,184,2109.35,1700.0
352440205000725,Rural,6.1538712,106,80,3.0,35,35,10,35,2166.91,1800.0
352440205000726,Urbana,0.0747169,607,287,2.4,235,6,45,235,2891.29,2000.0
352440205000727,Rural,6.8207591,149,91,3.2,47,28,16,47,1702.2,1245.0
352440207000001,Urbana,0.1380447,680,232,3.1,218,1,13,218,1928.44,1800.0
352440207000002,Urbana,0.0549189,710,251,3.1,232,0,19,232,2292.09,2000.0
352440207000003,Urbana,0.0669185,591,234,2.8,210,2,22,210,1968.65,1500.0
352440207000004,Urbana,0.0473009,547,215,2.8,197,5,13,197,2047.31,1800.0
352440207000005,Urbana,0.0685198,750,267,3.1,240,1,26,240,2419.19,1969.0
352440207000006,Urbana,0.0518142,590,196,3.2,186,1,9,186,2373.17,2000.0
352440207000007,Urbana,0.0783749,818,286,3.2,258,4,24,258,1825.05,1500.0
352440207000008,Urbana,0.0699632,558,195,3.1,181,0,14,181,1794.88,1500.0
352440207000009,Urbana,0.0626176,561,200,3.0,187,1,12,187,2312.3,2000.0
352440207000012,Urbana,0.0225428,64,21,3.2,20,0,1,20,2372.73,2000.0
352440207000018,Urbana,0.0446202,943,310,3.3,284,9,17,284,1199.64,1200.0
352440207000023,Urbana,0.0452765,553,207,3.0,187,2,18,187,2390.08,1700.0
352440207000024,Urbana,0.2706101,411,163,2.8,145,1,17,145,1655.94,1500.0
352440207000025,Urbana,0.0629366,686,258,2.9,238,2,18,238,1981.75,1600.0
352440207000026,Urbana,0.0474059,784,253,3.3,239,5,9,239,1359.33,1212.0
352440207000027,Urbana,0.0314004,597,233,2.9,205,5,23,205,1063.9,1212.0
352440207000028,Urbana,0.0267926,464,183,3.0,156,2,25,156,952.92,800.0
352440207000032,Rural,6.5268807,99,37,3.1,32,1,4,31,1560.0,1500.0
352440210000001,Urbana,0.1001852,638,238,2.8,224,2,12,224,2844.38,2500.0
352440210000002,Urbana,0.0689389,749,277,2.9,257,5,15,257,2479.64,2100.0
352440210000003,Urbana,0.0910655,599,217,3.0,199,4,14,199,2716.64,2100.0
352440210000005,Urbana,0.2212181,469,176,2.8,163,0,9,163,2754.09,2000.0
352440210000021,Urbana,0.0546847,112,42,2.9,38,0,4,38,2270.0,2000.0
352440210000025,Rural,2.3864609,70,40,2.9,24,13,3,24,2233.83,1300.0
352440210000027,Urbana,0.5810925,98,109,3.5,28,63,17,28,3307.5,2550.0
352440210000038,Urbana,0.0270998,395,180,2.5,156,7,17,156,1844.5,1500.0
352440210000049,Urbana,0.4929821,668,244,3.0,224,3,16,224,1930.72,1500.0
352440210000050,Urbana,0.2070988,496,208,2.8,180,1,27,180,2197.9,1700.0
352440210000052,Rural,19.5734224,190,155,2.6,72,65,18,72,3879.12,2200.0
352440210000053,Rural,4.2649845,255,123,3.2,80,33,8,80,2218.99,1300.0
352440210000054,Rural,5.5633889,77,40,3.0,26,9,5,26,2296.15,1200.0
352440210000055,Rural,3.7164652,7,5,1.8,4,0,1,,,
352440210000056,Rural,4.7990619,120,61,3.0,40,16,4,40,2449.11,1650.0
352440210000057,Urbana,0.7649728,0,0,0.0,0,0,0,,,
352440210000058,Urbana,0.0143925,583,240,2.7,213,6,21,213,1577.89,1400.0
352440210000059,Urbana,0.0252811,516,219,2.7,190,6,23,190,1852.27,1312.5
352440210000060,Urbana,2.0368829,410,167,3.0,135,27,5,135,7230.57,3000.0
352440210000061,Urbana,2.6312382,108,74,3.0,36,32,6,36,6309.59,2262.0
352440210000062,Urbana,0.0912265,728,258,3.1,236,3,19,236,2601.19,2300.0
352440210000063,Urbana,0.0822202,882,336,2.9,301,2,33,301,2419.48,2000.0
352440210000064,Urbana,4.7206415,481,369,2.7,175,150,44,175,2200.68,2000.0
352440210000065,Urbana,0.118976,405,174,2.5,159,5,10,159,967.84,1000.0
352440210000067,Urbana,0.068041,647,229,3.0,216,0,13,216,2680.36,2300.0
352440210000068,Urbana,0.0664064,506,190,2.9,175,0,15,175,2664.0,2101.0
352440210000069,Rural,4.9422368,45,37,2.8,16,14,7,16,1846.2,1400.0
352440210000070,Urbana,0.6607473,45,92,2.6,17,70,5,17,3154.93,3000.0
352440210000071,Rural,0.9855009,45,21,2.4,19,2,0,19,1841.18,1500.0
